GPU Name,Short Name,Brand,Model,GPU Price,GPU Link,Store,GPU Memory,TDP,Image URL
Sparkle Intel Arc A380 ELF 6GB GDDR6 (SA380E 6G),ARC A380 6 GB,Intel,ARC A380,125.0,https://www.bm.market/lv/sparkle-intel-arc-a380-elf-6gb-gddr6-sa380e-6g,BM Market,6 GB,75 W,https://www.bm.market/images/product-small//1695984715c6728c75b0091b9ddbdf1e6415bbeaa5f4876f76.jpg
Sapphire PULSE AMD Radeon RX 6400 (11315 01 20G),RX 6400 4 GB,AMD,RX 6400,138.0,https://www.bm.market/lv/sapphire-pulse-amd-radeon-rx-6400-11315-01-20g,BM Market,4 GB,53 W,https://www.bm.market/images/product-small//1726757799efdc3d200e8dabaaf3df9485b796afe98748027c.jpg
ASUS Dual GeForce RTX 3050 OC Edition 6GB GDDR6 (DUAL RTX3050 O6G),RTX 3050 8 GB,NVIDIA,RTX 3050,187.0,https://www.bm.market/lv/383070-asus-dual-geforce-rtx-3050-oc-edition-6gb-gddr6-dual-rtx3050-o6g,BM Market,8 GB,130 W,https://www.bm.market/images/product-small//17343370091e23fcd0e66a0018320411bb35199d925cf3c667.jpg
AFOX GTX 1650 (AF1650 4096D6H1),GTX 1650 4 GB,NVIDIA,GTX 1650,198.0,https://www.bm.market/lv/afox-gtx-1650-af1650-4096d6h1,BM Market,4 GB,75 W,https://www.bm.market/images/product-small//17267571812d291fe142658c78910c87fbdf4af43440b6a7ac.jpg
PNY GeForce RTX 3050 6GB VERTO Dual Fan (VCG30506DFXPB1),RTX 3050 8 GB,NVIDIA,RTX 3050,204.0,https://www.bm.market/lv/pny-geforce-rtx-3050-6gb-verto-dual-fan-vcg30506dfxpb1,BM Market,8 GB,130 W,https://www.bm.market/images/product-small//1726562547e674ce494fe35dbad29e55aec82450192b5d3bf0.png
MSI GEFORCE RTX 3050 LP 6G OC,RTX 3050 8 GB,NVIDIA,RTX 3050,208.0,https://www.bm.market/lv/msi-geforce-rtx-3050-lp-6g-oc,BM Market,8 GB,130 W,https://www.bm.market/images/product-small//17248482377550ccd19176166177c77cb6e56c12eb1ee079db.jpg
Sparkle Intel Arc A750 ORC OC Edition 8GB GDDR6 (SA750C 8GOC),ARC A750 8 GB,Intel,ARC A750,209.0,https://www.bm.market/lv/sparkle-intel-arc-a750-orc-oc-edition-8gb-gddr6-sa750c-8goc,BM Market,8 GB,225 W,https://www.bm.market/images/product-small//16959857577ecb4299baf51426b74df7e7ae4e6f82726e4b77.jpg
ASRock AMD Radeon RX 6600 Challenger D 8GB (RX6600 CLD 8G),RX 6600 8 GB,AMD,RX 6600,228.0,https://www.bm.market/lv/asrock-amd-radeon-rx-6600-challenger-d-8gb-rx6600-cld-8g,BM Market,8 GB,132 W,https://www.bm.market/images/product-small//1642174269bdb4632eb24911b5463c063c892c851e35ae3d7f.jpg
Gigabyte Radeon RX 7600 GAMING OC 8G (GV R76GAMING OC 8GD),RX 7600 8 GB,AMD,RX 7600,272.0,https://www.bm.market/lv/gigabyte-radeon-rx-7600-gaming-oc-8g-gv-r76gaming-oc-8gd,BM Market,8 GB,165 W,https://www.bm.market/images/product-small//1700557848675407b656adc0a548e95b8ccc2b5baf7b0015b4.jpg
ASRock AMD Radeon RX 7600 Challenger 8GB OC (RX7600 CL 8GO),RX 7600 8 GB,AMD,RX 7600,279.0,https://www.bm.market/lv/asrock-amd-radeon-rx-7600-challenger-8gb-oc-rx7600-cl-8go,BM Market,8 GB,165 W,https://www.bm.market/images/product-small//172656325166281dc322694d257f08ec4fe7b3a9927d5b79fb.png
ASRock AMD Radeon RX 7600 Steel Legend 8GB OC (RX7600 SL 8GO),RX 7600 8 GB,AMD,RX 7600,302.0,https://www.bm.market/lv/asrock-amd-radeon-rx-7600-steel-legend-8gb-oc-rx7600-sl-8go,BM Market,8 GB,165 W,https://www.bm.market/images/product-small//170022633320d443c8827eee3786a0710cd9da99a0210fed7f.jpg
Gigabyte GeForce RTX 3060 GAMING OC 12G (rev. 2.0) (GV N3060GAMING OC 12GD 2.0),RTX 3060 12 GB,NVIDIA,RTX 3060,308.0,https://www.bm.market/lv/gigabyte-geforce-rtx-3060-gaming-oc-12g-rev-20-gv-n3060gaming-oc-12gd-20,BM Market,12 GB,170 W,https://www.bm.market/images/product-small//1741361618fb1fcac38ed262be2ef79d68b81e6d96832d6769.jpg
MSI GeForce RTX 3060 VENTUS 2X 12G OC,RTX 3060 12 GB,NVIDIA,RTX 3060,311.0,https://www.bm.market/lv/msi-geforce-rtx-3060-ventus-2x-12g-oc,BM Market,12 GB,170 W,https://www.bm.market/images/product-small//1642409431c89a75b7ed5745da11ef1d0a69efe38b5d0ac03e.jpg
Gigabyte GeForce RTX 3060 WINDFORCE OC 12G (rev. 2.0) (GV N3060WF2OC 12GD 2.0),RTX 3060 12 GB,NVIDIA,RTX 3060,316.0,https://www.bm.market/lv/gigabyte-geforce-rtx-3060-windforce-oc-12g-rev-20-gv-n3060wf2oc-12gd-20,BM Market,12 GB,170 W,https://www.bm.market/images/product-small//1725460583671723156275c89a4016562645d840accde18feb.png
ASUS Dual Radeon RX 7600 V2 OC Edition 8GB GDDR6 (DUAL RX7600 O8G V2),RX 7600 8 GB,AMD,RX 7600,318.0,https://www.bm.market/lv/asus-dual-radeon-rx-7600-v2-oc-edition-8gb-gddr6-dual-rx7600-o8g-v2,BM Market,8 GB,165 W,https://www.bm.market/images/product-small//172656468472bb9641142d31682815a76a9c6d763d4dc8cbff.jpg
Gigabyte GeForce RTX 3060 GAMING OC 12G (rev. 2.0) (GV N3060GAMING OC 12GD),RTX 3060 12 GB,NVIDIA,RTX 3060,333.0,https://www.bm.market/lv/gigabyte-geforce-rtx-3060-gaming-oc-12g-rev-20-gv-n3060gaming-oc-12gd,BM Market,12 GB,170 W,https://www.bm.market/images/product-small//16311258938d5e0aa1cb0092cdab130f521035fc8bdb73919e.png
Gigabyte GeForce RTX 4060 WINDFORCE OC 8G (GV N4060WF2OC 8GD),RTX 4060 8 GB,NVIDIA,RTX 4060,333.0,https://www.bm.market/lv/gigabyte-geforce-rtx-4060-windforce-oc-8g-gv-n4060wf2oc-8gd,BM Market,8 GB,115 W,https://www.bm.market/images/product-small//1725459859a886aba612e134d4e198dd996d4aea3a13eac976.png
PALIT GeForce RTX 4060 Infinity 2 (NE64060019P1 1070L),RTX 4060 8 GB,NVIDIA,RTX 4060,334.0,https://www.bm.market/lv/palit-geforce-rtx-4060-infinity-2-ne64060019p1-1070l,BM Market,8 GB,115 W,https://www.bm.market/images/product-small//1725633448e99b85665795b4c18061ce3f488d18dcf3f7b5d7.jpg
"Intel Arc B580 Limited Edition Graphics Card, 12GB GDDR6 (31P06HB0BA)",ARC B580 12 GB,Intel,ARC B580,339.0,https://www.bm.market/lv/intel-arc-b580-limited-edition-graphics-card-12gb-gddr6-31p06hb0ba,BM Market,12 GB,190 W,https://www.bm.market/images/product-small//173632924210c4534f9b8eb864f834ef7c5b9003eac8c88712.jpg
Gigabyte GeForce RTX 4060 EAGLE OC 8G (GV N4060EAGLE OC 8GD),RTX 4060 8 GB,NVIDIA,RTX 4060,346.0,https://www.bm.market/lv/gigabyte-geforce-rtx-4060-eagle-oc-8g-gv-n4060eagle-oc-8gd,BM Market,8 GB,115 W,https://www.bm.market/images/product-small//1725459291741737c2ab034387e13e8d6f6a7808f6e2ec3577.png
Sparkle Intel Arc A380 ELF 6GB GDDR6 (SA380E 6G),ARC A380 6 GB,Intel,ARC A380,125.0,https://www.bm.market/lv/sparkle-intel-arc-a380-elf-6gb-gddr6-sa380e-6g,BM Market,6 GB,75 W,https://www.bm.market/images/product-small//1695984715c6728c75b0091b9ddbdf1e6415bbeaa5f4876f76.jpg
PNY GeForce RTX 3050 6GB VERTO Dual Fan (VCG30506DFXPB1),RTX 3050 8 GB,NVIDIA,RTX 3050,204.0,https://www.bm.market/lv/pny-geforce-rtx-3050-6gb-verto-dual-fan-vcg30506dfxpb1,BM Market,8 GB,130 W,https://www.bm.market/images/product-small//1726562547e674ce494fe35dbad29e55aec82450192b5d3bf0.png
Gigabyte Radeon RX 7600 GAMING OC 8G (GV R76GAMING OC 8GD),RX 7600 8 GB,AMD,RX 7600,272.0,https://www.bm.market/lv/gigabyte-radeon-rx-7600-gaming-oc-8g-gv-r76gaming-oc-8gd,BM Market,8 GB,165 W,https://www.bm.market/images/product-small//1700557848675407b656adc0a548e95b8ccc2b5baf7b0015b4.jpg
MSI GeForce RTX 3060 VENTUS 2X 12G OC,RTX 3060 12 GB,NVIDIA,RTX 3060,311.0,https://www.bm.market/lv/msi-geforce-rtx-3060-ventus-2x-12g-oc,BM Market,12 GB,170 W,https://www.bm.market/images/product-small//1642409431c89a75b7ed5745da11ef1d0a69efe38b5d0ac03e.jpg
Gigabyte GeForce RTX 4060 WINDFORCE OC 8G (GV N4060WF2OC 8GD),RTX 4060 8 GB,NVIDIA,RTX 4060,333.0,https://www.bm.market/lv/gigabyte-geforce-rtx-4060-windforce-oc-8g-gv-n4060wf2oc-8gd,BM Market,8 GB,115 W,https://www.bm.market/images/product-small//1725459859a886aba612e134d4e198dd996d4aea3a13eac976.png
MSI GeForce RTX 4060 Ventus 2X White 8G OC (V516 030R),RTX 4060 8 GB,NVIDIA,RTX 4060,347.0,https://www.bm.market/lv/msi-geforce-rtx-4060-ventus-2x-white-8g-oc-v516-030r,BM Market,8 GB,115 W,https://www.bm.market/images/product-small//1698746336dfd26bfd66be830930d2163b5ff7f317e9c668a5.jpg
"ASRock Arc B580 Steel Legend 12GB OC Graphics Card, 12288 MB GDDR6 (90 GA5CZZ 00UANF)",ARC B580 12 GB,Intel,ARC B580,355.0,https://www.bm.market/lv/asrock-arc-b580-steel-legend-12gb-oc-graphics-card-12288-mb-gddr6-90-ga5czz-00uanf,BM Market,12 GB,190 W,https://www.bm.market/images/product-small//1735810313d70381ba729e43dd5f53967368f74e2386d66a6a.jpg
"ASRock Arc B580 Challenger 12GB OC graphics card, 12288 MB GDDR6 (90 GA5LZZ 00UANF)",ARC B580 12 GB,Intel,ARC B580,359.0,https://www.bm.market/lv/asrock-arc-b580-challenger-12gb-oc-graphics-card-12288-mb-gddr6-90-ga5lzz-00uanf,BM Market,12 GB,190 W,https://www.bm.market/images/product-small//1735810574e9b0b69f9dd2ce14de24bf712a156e11afe533c2.jpg
Gigabyte GeForce RTX 4060 GAMING OC 8G (GV N4060GAMING OC 8GD),RTX 4060 8 GB,NVIDIA,RTX 4060,369.0,https://www.bm.market/lv/gigabyte-geforce-rtx-4060-gaming-oc-8g-gv-n4060gaming-oc-8gd,BM Market,8 GB,115 W,https://www.bm.market/images/product-small//1725458724be744cb725b3fd6c8ad276a4ffb749fc0bceff68.png
"Sparkle Arc A770 ROC Luna White, 16384 MB GDDR6 (SA770RW 16GOC)",ARC A770 16 GB,Intel,ARC A770,379.0,https://www.bm.market/lv/sparkle-arc-a770-roc-luna-white-16384-mb-gddr6-sa770rw-16goc,BM Market,16 GB,225 W,https://www.bm.market/images/product-small//1717421295e7616a698dac2c47a1a88a1a4b1841241667c3ea.jpg
Gigabyte GeForce RTX 4060 AERO OC 8G (GV N4060AERO OC 8GD),RTX 4060 8 GB,NVIDIA,RTX 4060,387.0,https://www.bm.market/lv/gigabyte-geforce-rtx-4060-aero-oc-8g-gv-n4060aero-oc-8gd,BM Market,8 GB,115 W,https://www.bm.market/images/product-small//17254580164849fe09aed2fabf1281f7d547dce3f4a9e3e733.jpg
Sapphire PULSE AMD Radeon RX 7600 XT 16GB (11339 04 20G),RX 7600 XT 16 GB,AMD,RX 7600 XT,390.0,https://www.bm.market/lv/sapphire-pulse-amd-radeon-rx-7600-xt-16gb-11339-04-20g,BM Market,16 GB,190 W,https://www.bm.market/images/product-small//1725543712e57281fb469670cb851ba78e0156c5bf73fe102e.jpg
"Sapphire PULSE AMD Radeon RX 7700 XT, 12GB, AMD RDNA 3 (11335 04 20G)",RX 7700 XT 12 GB,AMD,RX 7700 XT,409.0,https://www.bm.market/lv/sapphire-pulse-amd-radeon-rx-7700-xt-12gb-amd-rdna-3-11335-04-20g,BM Market,12 GB,245 W,https://www.bm.market/images/product-small//1737285656e11d95ba4cc05902d6a3a31cffef3705bca2868f.jpg
Gigabyte Radeon RX 7700 XT GAMING OC 12G (GV R77XTGAMING OC 12GD),RX 7700 XT 12 GB,AMD,RX 7700 XT,421.0,https://www.bm.market/lv/357474-gigabyte-radeon-rx-7700-xt-gaming-oc-12g-gv-r77xtgaming-oc-12gd,BM Market,12 GB,245 W,https://www.bm.market/images/product-small//172259636314db0f18e2104c183bbd2e5070959adbd50151da.png
Palit GeForce RTX 4060 Ti StormX 8GB (NE6406T019P1 1060F),RTX 4060 8 GB,NVIDIA,RTX 4060 TI,428.0,https://www.bm.market/lv/palit-geforce-rtx-4060-ti-stormx-8gb-ne6406t019p1-1060f,BM Market,8 GB,115 W,https://www.bm.market/images/product-small//1725542495254153ffeb2a57c08ba573b9211d415915107fee.jpg
Palit GeForce RTX 5060 Ti INFINITY 3 16GB (NE7506T019T1 GB2061S),RTX 5060 TI 16 GB,NVIDIA,RTX 5060 TI,494.0,https://www.bm.market/lv/510456-palit-geforce-rtx-5060-ti-infinity-3-16gb-ne7506t019t1-gb2061s,BM Market,16 GB,160 W,https://www.bm.market/images/product-small//174550061744d577062d1a284fd4faf3ea5b68d326c0279c94.png
PowerColor AMD Radeon RX 7800 XT 16GB GDDR6 (RX7800XT 16G P),RX 7800 XT 16 GB,AMD,RX 7800 XT,499.0,https://www.bm.market/lv/powercolor-amd-radeon-rx-7800-xt-16gb-gddr6-rx7800xt-16g-p,BM Market,16 GB,263 W,https://www.bm.market/images/product-small//17361646637941e4fed2e322cea11446d717ce32c434c9259b.jpg
Palit GeForce RTX 5060 Ti INFINITY 3 OC 16GB (NE7506TS19T1 GB2061S),RTX 5060 TI 16 GB,NVIDIA,RTX 5060 TI,504.0,https://www.bm.market/lv/palit-geforce-rtx-5060-ti-infinity-3-oc-16gb-ne7506ts19t1-gb2061s,BM Market,16 GB,160 W,https://www.bm.market/images/product-small//1745501113406f5fc21c36aca429ed6d263d6de1a9214fdf0b.png
ASUS Dual Radeon RX 7800 XT OC Edition 16GB GDDR6 (DUAL RX7800XT O16G),RX 7800 XT 16 GB,AMD,RX 7800 XT,507.0,https://www.bm.market/lv/asus-dual-radeon-rx-7800-xt-oc-edition-16gb-gddr6-dual-rx7800xt-o16g,BM Market,16 GB,263 W,https://www.bm.market/images/product-small//17376222818b4985502f7630ca28f0ce1e28ea4436503dd463.jpg
Gigabyte GeForce RTX 5060 Ti WINDFORCE OC 16G (GV N506TWF2OC 16GD),RTX 5060 TI 16 GB,NVIDIA,RTX 5060 TI,572.0,https://www.bm.market/lv/gigabyte-geforce-rtx-5060-ti-windforce-oc-16g-gv-n506twf2oc-16gd,BM Market,16 GB,160 W,https://www.bm.market/images/product-small//17453943575f92d1c26855aaff4fbf7e48f40c347e7159c2c2.png
Gigabyte GeForce RTX 5060 Ti EAGLE OC ICE 16G (GV N506TEAGLEOC ICE 16GD),RTX 5060 TI 16 GB,NVIDIA,RTX 5060 TI,593.0,https://www.bm.market/lv/gigabyte-geforce-rtx-5060-ti-eagle-oc-ice-16g-gv-n506teagleoc-ice-16gd,BM Market,16 GB,160 W,https://www.bm.market/images/product-small//174539370091ba8de871432c085abd72a6b6f6034cea4d4f63.png
Gigabyte GeForce RTX 5060 Ti AERO OC 16G (GV N506TAERO OC 16GD),RTX 5060 TI 16 GB,NVIDIA,RTX 5060 TI,626.0,https://www.bm.market/lv/gigabyte-geforce-rtx-5060-ti-aero-oc-16g-gv-n506taero-oc-16gd,BM Market,16 GB,160 W,https://www.bm.market/images/product-small//1745393193a549a3fef3169cd81a4ba2fc0661aa4f3e8814dd.png
Gigabyte AORUS GeForce RTX 5060 Ti ELITE 16G (GV N506TAORUS E 16GD 1.0),RTX 5060 TI 16 GB,NVIDIA,RTX 5060 TI,645.0,https://www.bm.market/lv/gigabyte-aorus-geforce-rtx-5060-ti-elite-16g-gv-n506taorus-e-16gd-10,BM Market,16 GB,160 W,https://www.bm.market/images/product-small//1745392894b70f606e1226ea0903c7c7d40927e1410d5b1a08.png
ZOTAC GAMING GeForce RTX 5070 SOLID OC (ZT B50700J 10P),RTX 5070 12 GB,NVIDIA,RTX 5070,670.0,https://www.bm.market/lv/zotac-gaming-geforce-rtx-5070-solid-oc-zt-b50700j-10p,BM Market,12 GB,250 W,https://www.bm.market/images/product-small//17437598613cd3e19b3133a1f9b93b82ae416933b32ea324ab.jpg
ZOTAC GAMING GeForce RTX 5070 SOLID (ZT B50700D 10P),RTX 5070 12 GB,NVIDIA,RTX 5070,679.0,https://www.bm.market/lv/zotac-gaming-geforce-rtx-5070-solid-zt-b50700d-10p,BM Market,12 GB,250 W,https://www.bm.market/images/product-small//17437595338f76f71dfd7be35392ae3bde0b22d03c9c3ae9ea.jpg
MSI GeForce RTX 4060 Ventus 2X White 8G OC (V516 030R),RTX 4060 8 GB,NVIDIA,RTX 4060,347.0,https://www.bm.market/lv/msi-geforce-rtx-4060-ventus-2x-white-8g-oc-v516-030r,BM Market,8 GB,115 W,https://www.bm.market/images/product-small//1698746336dfd26bfd66be830930d2163b5ff7f317e9c668a5.jpg
"Sparkle Arc A770 ROC Luna White, 16384 MB GDDR6 (SA770RW 16GOC)",ARC A770 16 GB,Intel,ARC A770,379.0,https://www.bm.market/lv/sparkle-arc-a770-roc-luna-white-16384-mb-gddr6-sa770rw-16goc,BM Market,16 GB,225 W,https://www.bm.market/images/product-small//1717421295e7616a698dac2c47a1a88a1a4b1841241667c3ea.jpg
Gigabyte Radeon RX 7700 XT GAMING OC 12G (GV R77XTGAMING OC 12GD),RX 7700 XT 12 GB,AMD,RX 7700 XT,421.0,https://www.bm.market/lv/357474-gigabyte-radeon-rx-7700-xt-gaming-oc-12g-gv-r77xtgaming-oc-12gd,BM Market,12 GB,245 W,https://www.bm.market/images/product-small//172259636314db0f18e2104c183bbd2e5070959adbd50151da.png
Palit GeForce RTX 5060 Ti INFINITY 3 OC 16GB (NE7506TS19T1 GB2061S),RTX 5060 TI 16 GB,NVIDIA,RTX 5060 TI,504.0,https://www.bm.market/lv/palit-geforce-rtx-5060-ti-infinity-3-oc-16gb-ne7506ts19t1-gb2061s,BM Market,16 GB,160 W,https://www.bm.market/images/product-small//1745501113406f5fc21c36aca429ed6d263d6de1a9214fdf0b.png
Gigabyte GeForce RTX 5060 Ti AERO OC 16G (GV N506TAERO OC 16GD),RTX 5060 TI 16 GB,NVIDIA,RTX 5060 TI,626.0,https://www.bm.market/lv/gigabyte-geforce-rtx-5060-ti-aero-oc-16g-gv-n506taero-oc-16gd,BM Market,16 GB,160 W,https://www.bm.market/images/product-small//1745393193a549a3fef3169cd81a4ba2fc0661aa4f3e8814dd.png
Gigabyte GeForce RTX 5060 Ti GAMING OC 16G (GV N506TGAMING OC 16GD),RTX 5060 TI 16 GB,NVIDIA,RTX 5060 TI,679.0,https://www.bm.market/lv/gigabyte-geforce-rtx-5060-ti-gaming-oc-16g-gv-n506tgaming-oc-16gd,BM Market,16 GB,160 W,https://www.bm.market/images/product-small//17453948430518ef32ae30964e2db563897731c83596b68157.png
MSI GeForce RTX 5070 12G VENTUS 2X OC,RTX 5070 12 GB,NVIDIA,RTX 5070,686.0,https://www.bm.market/lv/msi-geforce-rtx-5070-12g-ventus-2x-oc,BM Market,12 GB,250 W,https://www.bm.market/images/product-small//17437604971318c5ace16d65a5ea3a8b787c8c81516441396d.png
XFX SPEEDSTER MERC 310 AMD Radeon RX 7900 XT (RX 79TMERCU9),RX 7900 XT 20 GB,AMD,RX 7900 XT,751.0,https://www.bm.market/lv/xfx-speedster-merc-310-amd-radeon-rx-7900-xt-rx-79tmercu9,BM Market,20 GB,315 W,https://www.bm.market/images/product-small//16946914976172119f0e10450b403be6da0a9375ba7ef9dc2f.jpg
Gigabyte Radeon RX 9070 GAMING OC 16G (GV R9070GAMING OC 16GD),RX 9070 16 GB,AMD,RX 9070,767.0,https://www.bm.market/lv/gigabyte-radeon-rx-9070-gaming-oc-16g-gv-r9070gaming-oc-16gd,BM Market,16 GB,220 W,https://www.bm.market/images/product-small//17415941921662a2fb927a0621db8cdc4367ce0e3dcb251fe7.png
Sapphire RX 7900 XT PURE 20GB GDDR6 (11323 09 20G),RX 7900 XT 20 GB,AMD,RX 7900 XT,768.0,https://www.bm.market/lv/sapphire-rx-7900-xt-pure-20gb-gddr6-11323-09-20g,BM Market,20 GB,315 W,https://www.bm.market/images/product-small//17423110301b0c2033f3b322faffb667d3cd8ec5540550bdb8.jpg
Gigabyte GeForce RTX 5070 EAGLE OC ICE SFF 12G (GV N5070EAGLEOC ICE 12GD),RTX 5070 12 GB,NVIDIA,RTX 5070,770.0,https://www.bm.market/lv/gigabyte-geforce-rtx-5070-eagle-oc-ice-sff-12g-gv-n5070eagleoc-ice-12gd,BM Market,12 GB,250 W,https://www.bm.market/images/product-small//1743760737d2b67667014410479590d5792cf6f6a15d901265.png
ASRock AMD Radeon RX 7900 XT Phantom Gaming 20GB OC (RX7900XT PG 20GO),RX 7900 XT 20 GB,AMD,RX 7900 XT,780.0,https://www.bm.market/lv/asrock-amd-radeon-rx-7900-xt-phantom-gaming-20gb-oc-rx7900xt-pg-20go,BM Market,20 GB,315 W,https://www.bm.market/images/product-small//17260456582fac89994ec86f25388864ad07d87aeaacf0e0ed.jpg
XFX Mercury AMD Radeon RX 9070XT OC Gaming Edition with RGB (RX 97TRGBBB9),RX 9070 XT 16 GB,AMD,RX 9070XT,859.0,https://www.bm.market/lv/xfx-mercury-amd-radeon-rx-9070xt-oc-gaming-edition-with-rgb-rx-97trgbbb9,BM Market,16 GB,304 W,https://www.bm.market/images/product-small//1742805625de3e026af4c69262782ea9e03da6ba26e390f471.jpg
XFX Quicksilver AMD Radeon RX 9070XT Magnetic Air Edition (RX 97TMAQKB9),RX 9070 XT 16 GB,AMD,RX 9070XT,865.0,https://www.bm.market/lv/xfx-quicksilver-amd-radeon-rx-9070xt-magnetic-air-edition-rx-97tmaqkb9,BM Market,16 GB,304 W,https://www.bm.market/images/product-small//1742805890251928b8ae0e8809a2945957256100389257bdff.jpg
XFX Quicksilver AMD Radeon RX 9070XT White Magnetic Air Edition ((RX 97TMAQKW9),RX 9070 XT 16 GB,AMD,RX 9070XT,865.0,https://www.bm.market/lv/xfx-quicksilver-amd-radeon-rx-9070xt-white-magnetic-air-edition-rx-97tmaqkw9,BM Market,16 GB,304 W,https://www.bm.market/images/product-small//174280445808ddcb5b8308c138a5de68a3287ffba952443548.jpg
ASRock AMD Radeon RX 9070 XT Steel Legend 16GB (RX9070XT SL 16G),RX 9070 XT 16 GB,AMD,RX 9070 XT,875.0,https://www.bm.market/lv/asrock-amd-radeon-rx-9070-xt-steel-legend-16gb-rx9070xt-sl-16g,BM Market,16 GB,304 W,https://www.bm.market/images/product-small//1741597550b60f3707225fac25b0faaf58b5bc9ad44c0d87e1.jpg
Gigabyte Radeon RX 9070 XT GAMING OC 16G (GV R9070XTGAMING OC 16GD),RX 9070 XT 16 GB,AMD,RX 9070 XT,899.0,https://www.bm.market/lv/gigabyte-radeon-rx-9070-xt-gaming-oc-16g-gv-r9070xtgaming-oc-16gd,BM Market,16 GB,304 W,https://www.bm.market/images/product-small//174125825607443ee80533a8deeab3ae132dffd5f8d5b46017.png
PowerColor Reaper AMD Radeon RX 9070 XT 16GB (RX9070XT 16G A),RX 9070 XT 16 GB,AMD,RX 9070 XT,899.0,https://www.bm.market/lv/powercolor-reaper-amd-radeon-rx-9070-xt-16gb-rx9070xt-16g-a,BM Market,16 GB,304 W,https://www.bm.market/images/product-small//17413372658c738077878c7983903537afa1fbdf751b897b3a.jpg
ASUS Prime Radeon RX 9070 XT OC Edition 16GB GDDR6 (PRIME RX9070XT O16G),RX 9070 XT 16 GB,AMD,RX 9070 XT,908.0,https://www.bm.market/lv/asus-prime-radeon-rx-9070-xt-oc-edition-16gb-gddr6-prime-rx9070xt-o16g,BM Market,16 GB,304 W,https://www.bm.market/images/product-small//1741598511fd14b58969658291ba8b9a15a3135d69bac7a268.jpg
ASUS TUF Gaming Radeon RX 9070 XT OC Edition 16GB GDDR6 (TUF RX9070XT O16G GAMING),RX 9070 XT 16 GB,AMD,RX 9070 XT,925.0,https://www.bm.market/lv/asus-tuf-gaming-radeon-rx-9070-xt-oc-edition-16gb-gddr6-tuf-rx9070xt-o16g-gaming,BM Market,16 GB,304 W,https://www.bm.market/images/product-small//17415988032b789f99dc82866142dcedab56d2f773fa89eb4a.jpg
ASUS TUF Gaming GeForce RTX 4070 Ti SUPER BTF White OC Edition 16GB GDDR6X (90YV0KI0 M0NA00),RTX 4070 12 GB,NVIDIA,RTX 4070 TI SUPER,939.0,https://www.bm.market/lv/asus-tuf-gaming-geforce-rtx-4070-ti-super-btf-white-oc-edition-16gb-gddr6x-90yv0ki0-m0na00,BM Market,12 GB,200 W,https://www.bm.market/images/product-small//1731411597ef263221fefd908f717d2db83b376c28f23d36f2.jpg
XFX SPEEDSTER MERC 310 AMD Radeon RX 7900 XTX Black Edition (RX 79XMERCB9),RX 7900 XT 20 GB,AMD,RX 7900 XT,967.0,https://www.bm.market/lv/xfx-speedster-merc-310-amd-radeon-rx-7900-xtx-black-edition-rx-79xmercb9,BM Market,20 GB,315 W,https://www.bm.market/images/product-small//1743152922af0f3605d9aad4112c926e72d472c900c6302823.jpg
Sapphire PULSE AMD Radeon RX 9070 XT (11348 02 20G),RX 9070 XT 16 GB,AMD,RX 9070 XT,982.0,https://www.bm.market/lv/sapphire-pulse-amd-radeon-rx-9070-xt-11348-02-20g,BM Market,16 GB,304 W,https://www.bm.market/images/product-small//1741257870165f8faf59a5ea23ec5d5a87eb56a97440f3d993.jpg
PowerColor Hellhound AMD Radeon RX 9070 XT 16GB GDDR6 (RX9070XT 16G L/OC),RX 9070 XT 16 GB,AMD,RX 9070 XT,983.0,https://www.bm.market/lv/powercolor-hellhound-amd-radeon-rx-9070-xt-16gb-gddr6-rx9070xt-16g-l-oc,BM Market,16 GB,304 W,https://www.bm.market/images/product-small//17413370218357289c699c1c42f2a375fdc02ee92aadcc0174.jpg
ASUS TUF Gaming GeForce RTX 5070 Ti 16GB GDDR7 OC Edition (TUF RTX5070TI O16G GAMING),RTX 5070 12 GB,NVIDIA,RTX 5070 TI,1186.0,https://www.bm.market/lv/asus-tuf-gaming-geforce-rtx-5070-ti-16gb-gddr7-oc-edition-tuf-rtx5070ti-o16g-gaming,BM Market,12 GB,250 W,https://www.bm.market/images/product-small//1740387382ad4d453972a0f262fbc8de3764cc5b1e3485abfa.jpg
Gigabyte GeForce RTX 5060 Ti GAMING OC 16G (GV N506TGAMING OC 16GD),RTX 5060 TI 16 GB,NVIDIA,RTX 5060 TI,679.0,https://www.bm.market/lv/gigabyte-geforce-rtx-5060-ti-gaming-oc-16g-gv-n506tgaming-oc-16gd,BM Market,16 GB,160 W,https://www.bm.market/images/product-small//17453948430518ef32ae30964e2db563897731c83596b68157.png
Sapphire RX 7900 XT PURE 20GB GDDR6 (11323 09 20G),RX 7900 XT 20 GB,AMD,RX 7900 XT,768.0,https://www.bm.market/lv/sapphire-rx-7900-xt-pure-20gb-gddr6-11323-09-20g,BM Market,20 GB,315 W,https://www.bm.market/images/product-small//17423110301b0c2033f3b322faffb667d3cd8ec5540550bdb8.jpg
XFX Quicksilver AMD Radeon RX 9070XT Magnetic Air Edition (RX 97TMAQKB9),RX 9070 XT 16 GB,AMD,RX 9070XT,865.0,https://www.bm.market/lv/xfx-quicksilver-amd-radeon-rx-9070xt-magnetic-air-edition-rx-97tmaqkb9,BM Market,16 GB,304 W,https://www.bm.market/images/product-small//1742805890251928b8ae0e8809a2945957256100389257bdff.jpg
PowerColor Reaper AMD Radeon RX 9070 XT 16GB (RX9070XT 16G A),RX 9070 XT 16 GB,AMD,RX 9070 XT,899.0,https://www.bm.market/lv/powercolor-reaper-amd-radeon-rx-9070-xt-16gb-rx9070xt-16g-a,BM Market,16 GB,304 W,https://www.bm.market/images/product-small//17413372658c738077878c7983903537afa1fbdf751b897b3a.jpg
XFX SPEEDSTER MERC 310 AMD Radeon RX 7900 XTX Black Edition (RX 79XMERCB9),RX 7900 XT 20 GB,AMD,RX 7900 XT,967.0,https://www.bm.market/lv/xfx-speedster-merc-310-amd-radeon-rx-7900-xtx-black-edition-rx-79xmercb9,BM Market,20 GB,315 W,https://www.bm.market/images/product-small//1743152922af0f3605d9aad4112c926e72d472c900c6302823.jpg
"Inno3D GeForce RTX 3050, 8GB GDDR6, Twin X2",RTX 3050 8 GB,NVIDIA,RTX 3050,242.07,https://www.dateks.lv/cenas/videokartes/1063654-inno3d-geforce-rtx-3050-8gb-gddr6-twin-x2,Dateks,8 GB,130 W,https://www.dateks.lv/images/pic/1200/1200/425/1617.jpg
"MSI GeForce RTX 4060, 8GB GDDR6, VENTUS 2X BLACK OC (DLSS 3)",RTX 4060 8 GB,NVIDIA,RTX 4060,341.92,https://www.dateks.lv/cenas/videokartes/977484-microstar-geforce-rtx-4060-8gb-gddr6-ventus-2x-black-oc-dlss-3-,Dateks,8 GB,115 W,https://www.dateks.lv/images/pic/1200/1200/886/1458.jpg
"Asus GeForce RTX 4060, 8GB GDDR6, Dual EVO OC (DLSS 3)",RTX 4060 8 GB,NVIDIA,RTX 4060,371.7,https://www.dateks.lv/cenas/videokartes/1075460-asus-geforce-rtx-4060-8gb-gddr6-dual-evo-oc-dlss-3-,Dateks,8 GB,115 W,https://www.dateks.lv/images/pic/1200/1200/363/1623.jpg
"Sapphire Radeon RX 7800 XT, 16GB GDDR6, NITRO+",RX 7800 XT 16 GB,AMD,RX 7800 XT,608.36,https://www.dateks.lv/cenas/videokartes/996709-sapphire-radeon-rx-7800-xt-16gb-gddr6-nitro-,Dateks,16 GB,263 W,https://www.dateks.lv/images/pic/1200/1200/516/1496.jpg
"Asus GeForce RTX 5060 Ti, 16GB GDDR7, Dual OC (DLSS 4)",RTX 5060 TI 16 GB,NVIDIA,RTX 5060 TI,622.6,https://www.dateks.lv/cenas/videokartes/1216117-asus-geforce-rtx-5060-ti-16gb-gddr7-dual-oc-dlss-4-,Dateks,16 GB,160 W,https://www.dateks.lv/images/pic/1200/1200/756/1924.jpg
"XFX Radeon RX 9070, 16GB GDDR6, OC Triple Fan Gaming Edition",RX 9070 16 GB,AMD,RX 9070,669.99,https://www.dateks.lv/cenas/videokartes/1202211-xfx-radeon-rx-9070-16gb-gddr6-oc-triple-fan-gaming-edition,Dateks,16 GB,220 W,https://www.dateks.lv/images/pic/1200/1200/292/1908.jpg
"XFX Radeon RX 9070, 16GB GDDR6, OC White Triple Fan Gaming Edition",RX 9070 16 GB,AMD,RX 9070,669.99,https://www.dateks.lv/cenas/videokartes/1202212-xfx-radeon-rx-9070-16gb-gddr6-oc-white-triple-fan-gaming-edition,Dateks,16 GB,220 W,https://www.dateks.lv/images/pic/1200/1200/293/1908.jpg
"XFX Radeon RX 9070, 16GB GDDR6, QuickSilver OC Gaming Edition",RX 9070 16 GB,AMD,RX 9070,680.0,https://www.dateks.lv/cenas/videokartes/1202371-xfx-radeon-rx-9070-16gb-gddr6-quicksilver-oc-gaming-edition,Dateks,16 GB,220 W,https://www.dateks.lv/images/pic/1200/1200/518/1904.jpg
"Asus Radeon RX 9070, 16GB GDDR6, Prime OC",RX 9070 16 GB,AMD,RX 9070,714.99,https://www.dateks.lv/cenas/videokartes/1198300-asus-radeon-rx-9070-16gb-gddr6-prime-oc,Dateks,16 GB,220 W,https://www.dateks.lv/images/pic/1200/1200/100/1896.jpg
"Sapphire Radeon RX 9070, 16GB GDDR6, NITRO+",RX 9070 16 GB,AMD,RX 9070,759.99,https://www.dateks.lv/cenas/videokartes/1198455-sapphire-radeon-rx-9070-16gb-gddr6-nitro-,Dateks,16 GB,220 W,https://www.dateks.lv/images/pic/1200/1200/429/1896.jpg
"Gigabyte GeForce RTX 5070, 12GB GDDR7, AERO OC (DLSS 4)",RTX 5070 12 GB,NVIDIA,RTX 5070,779.0,https://www.dateks.lv/cenas/videokartes/1201630-gigabyte-geforce-rtx-5070-12gb-gddr7-aero-oc-dlss-4-,Dateks,12 GB,250 W,https://www.dateks.lv/images/pic/1200/1200/203/1902.jpg
"Asus GeForce RTX 5070, 12GB GDDR7, Prime OC (DLSS 4)",RTX 5070 12 GB,NVIDIA,RTX 5070,785.5,https://www.dateks.lv/cenas/videokartes/1198508-asus-geforce-rtx-5070-12gb-gddr7-prime-oc-dlss-4-,Dateks,12 GB,250 W,https://www.dateks.lv/images/pic/1200/1200/369/1896.jpg
"Asus GeForce RTX 5070, 12GB GDDR7, TUF Gaming OC (DLSS 4)",RTX 5070 12 GB,NVIDIA,RTX 5070,824.99,https://www.dateks.lv/cenas/videokartes/1198507-asus-geforce-rtx-5070-12gb-gddr7-tuf-gaming-oc-dlss-4-,Dateks,12 GB,250 W,https://www.dateks.lv/images/pic/1200/1200/357/1896.jpg
"XFX Radeon RX 9070 XT, 16GB GDDR6, QuickSilver White Gaming Edition",RX 9070 XT 16 GB,AMD,RX 9070 XT,849.0,https://www.dateks.lv/cenas/videokartes/1202373-xfx-radeon-rx-9070-xt-16gb-gddr6-quicksilver-white-gaming-edition,Dateks,16 GB,304 W,https://www.dateks.lv/images/pic/1200/1200/348/1910.jpg
"Asus Radeon RX 9070 XT, 16GB GDDR6, Prime OC",RX 9070 XT 16 GB,AMD,RX 9070 XT,878.15,https://www.dateks.lv/cenas/videokartes/1198504-asus-radeon-rx-9070-xt-16gb-gddr6-prime-oc,Dateks,16 GB,304 W,https://www.dateks.lv/images/pic/1200/1200/451/1896.jpg
"Asrock Radeon RX 9070 XT, 16GB GDDR6, Steel Legend",RX 9070 XT 16 GB,AMD,RX 9070 XT,880.0,https://www.dateks.lv/cenas/videokartes/1198449-asrock-radeon-rx-9070-xt-16gb-gddr6-steel-legend,Dateks,16 GB,304 W,https://www.dateks.lv/images/pic/1200/1200/438/1896.jpg
"PowerColor Radeon RX 9070 XT, 16GB GDDR6, Reaper",RX 9070 XT 16 GB,AMD,RX 9070 XT,900.0,https://www.dateks.lv/cenas/videokartes/1198512-powercolor-radeon-rx-9070-xt-16gb-gddr6-reaper,Dateks,16 GB,304 W,https://www.dateks.lv/images/pic/1200/1200/483/1896.jpg
"PowerColor Radeon RX 9070 XT, 16GB GDDR6, Red Devil, Openbox",RX 9070 XT 16 GB,AMD,RX 9070 XT,919.0,https://www.dateks.lv/cenas/videokartes/1215784-powercolor-radeon-rx-9070-xt-16gb-gddr6-red-devil-openbox,Dateks,16 GB,304 W,https://www.dateks.lv/images/pic/1200/1200/348/1924.jpg
"Sapphire Radeon RX 9070 XT, 16GB GDDR6, PURE",RX 9070 XT 16 GB,AMD,RX 9070 XT,927.46,https://www.dateks.lv/cenas/videokartes/1198453-sapphire-radeon-rx-9070-xt-16gb-gddr6-pure,Dateks,16 GB,304 W,https://www.dateks.lv/images/pic/1200/1200/409/1896.jpg
"PowerColor Radeon RX 9070 XT, 16GB GDDR6, Red Devil",RX 9070 XT 16 GB,AMD,RX 9070 XT,934.99,https://www.dateks.lv/cenas/videokartes/1198510-powercolor-radeon-rx-9070-xt-16gb-gddr6-red-devil,Dateks,16 GB,304 W,https://www.dateks.lv/images/pic/1200/1200/490/1896.jpg
"Asus Radeon RX 9070 XT, 16GB GDDR6, TUF Gaming OC",RX 9070 XT 16 GB,AMD,RX 9070 XT,952.69,https://www.dateks.lv/cenas/videokartes/1198806-asus-radeon-rx-9070-xt-16gb-gddr6-tuf-gaming-oc,Dateks,16 GB,304 W,https://www.dateks.lv/images/pic/1200/1200/786/1896.jpg
"Palit GeForce RTX 5070 Ti, 16GB GDDR7, GamingPro V1 (DLSS 4)",RTX 5070 TI 16 GB,NVIDIA,RTX 5070 TI,966.41,https://www.dateks.lv/cenas/videokartes/1214011-palit-geforce-rtx-5070-ti-16gb-gddr7-gamingpro-v1-dlss-4-,Dateks,16 GB,300 W,https://www.dateks.lv/images/pic/1200/1200/270/1923.jpg
"Asrock Radeon RX 9070 XT, 16GB GDDR6, Taichi",RX 9070 XT 16 GB,AMD,RX 9070 XT,1002.32,https://www.dateks.lv/cenas/videokartes/1198448-asrock-radeon-rx-9070-xt-16gb-gddr6-taichi,Dateks,16 GB,304 W,https://www.dateks.lv/images/pic/1200/1200/503/1896.jpg
"Gigabyte GeForce RTX 5070 Ti, 16GB GDDR7, EAGLE OC SFF (DLSS 4)",RTX 5070 TI 16 GB,NVIDIA,RTX 5070 TI,1067.99,https://www.dateks.lv/cenas/videokartes/1194023-gigabyte-geforce-rtx-5070-ti-16gb-gddr7-eagle-oc-sff-dlss-4-,Dateks,16 GB,300 W,https://www.dateks.lv/images/pic/1200/1200/548/1888.jpg
"Sapphire Radeon RX 7900 XTX, 24GB GDDR6, NITRO+ Vapor-X",RX 7900 XTX 24 GB,AMD,RX 7900 XTX,1089.99,https://www.dateks.lv/cenas/videokartes/931279-sapphire-radeon-rx-7900-xtx-24gb-gddr6-nitro-vapor-x,Dateks,24 GB,355 W,https://www.dateks.lv/images/pic/1200/1200/654/1391.jpg
"Inno3D GeForce RTX 4070 Ti SUPER, 16GB GDDR6X, X3 OC (DLSS 3)",RTX 4070 TI SUPER 16 GB,NVIDIA,RTX 4070 TI SUPER,1379.4,https://www.dateks.lv/cenas/videokartes/1184472-inno3d-geforce-rtx-4070-ti-super-16gb-gddr6x-x3-oc-dlss-3-,Dateks,16 GB,285 W,https://www.dateks.lv/images/pic/1200/1200/730/1869.jpg
"Zotac GeForce RTX 5080, 16GB GDDR7, SOLID CORE OC (DLSS 4)",RTX 5080 16 GB,NVIDIA,RTX 5080,1399.76,https://www.dateks.lv/cenas/videokartes/1207157-zotac-geforce-rtx-5080-16gb-gddr7-solid-core-oc-dlss-4-,Dateks,16 GB,360 W,https://www.dateks.lv/images/pic/1200/1200/535/1912.jpg
"Asus GeForce RTX 5080, 16GB GDDR7, ROG Astral OC (DLSS 4)",RTX 5080 16 GB,NVIDIA,RTX 5080,1699.99,https://www.dateks.lv/cenas/videokartes/1186873-asus-geforce-rtx-5080-16gb-gddr7-rog-astral-oc-dlss-4-,Dateks,16 GB,360 W,https://www.dateks.lv/images/pic/1200/1200/344/1874.jpg
"Gigabyte GeForce RTX 5080, 16GB GDDR7, GAMING OC (DLSS 4)",RTX 5080 16 GB,NVIDIA,RTX 5080,1749.0,https://www.dateks.lv/cenas/videokartes/1186889-gigabyte-geforce-rtx-5080-16gb-gddr7-gaming-oc-dlss-4-,Dateks,16 GB,360 W,https://www.dateks.lv/images/pic/1200/1200/500/1874.jpg
"Gigabyte GeForce RTX 5080, 16GB GDDR7, Aero OC SFF (DLSS 4)",RTX 5080 16 GB,NVIDIA,RTX 5080,1749.0,https://www.dateks.lv/cenas/videokartes/1186890-gigabyte-geforce-rtx-5080-16gb-gddr7-aero-oc-sff-dlss-4-,Dateks,16 GB,360 W,https://www.dateks.lv/images/pic/1200/1200/391/1874.jpg
"Gigabyte GeForce RTX 5080, 16GB GDDR7, AORUS MASTER (DLSS 4)",RTX 5080 16 GB,NVIDIA,RTX 5080,2023.28,https://www.dateks.lv/cenas/videokartes/1186888-gigabyte-geforce-rtx-5080-16gb-gddr7-aorus-master-dlss-4-,Dateks,16 GB,360 W,https://www.dateks.lv/images/pic/1200/1200/407/1874.jpg
"Inno3D GeForce RTX 5090, 32GB GDDR7, X3 OC (DLSS 4)",RTX 5090 32 GB,NVIDIA,RTX 5090,3126.72,https://www.dateks.lv/cenas/videokartes/1201585-inno3d-geforce-rtx-5090-32gb-gddr7-x3-oc-dlss-4-,Dateks,32 GB,575 W,https://www.dateks.lv/images/pic/1200/1200/311/1902.jpg
"Palit GeForce RTX 5090, 32GB GDDR7, GameRock (DLSS 4)",RTX 5090 32 GB,NVIDIA,RTX 5090,3385.35,https://www.dateks.lv/cenas/videokartes/1198891-palit-geforce-rtx-5090-32gb-gddr7-gamerock-dlss-4-,Dateks,32 GB,575 W,https://www.dateks.lv/images/pic/1200/1200/961/1896.jpg
"Gigabyte GeForce RTX 5090, 32GB GDDR7, GAMING OC (DLSS 4)",RTX 5090 32 GB,NVIDIA,RTX 5090,3399.0,https://www.dateks.lv/cenas/videokartes/1186883-gigabyte-geforce-rtx-5090-32gb-gddr7-gaming-oc-dlss-4-,Dateks,32 GB,575 W,https://www.dateks.lv/images/pic/1200/1200/535/1874.jpg
"Asus GeForce RTX 5090, 32GB GDDR7, ROG Astral LC OC (DLSS 4)",RTX 5090 32 GB,NVIDIA,RTX 5090,3424.99,https://www.dateks.lv/cenas/videokartes/1191858-asus-geforce-rtx-5090-32gb-gddr7-rog-astral-lc-oc-dlss-4-,Dateks,32 GB,575 W,https://www.dateks.lv/images/pic/1200/1200/498/1883.jpg
"Sparkle Intel Arc A310, 4GB GDDR6, OmniView",ARC A310 4 GB,Intel,ARC A310,119.4,https://www.dateks.lv/cenas/videokartes/1179137-sparkle-intel-arc-a310-4gb-gddr6-omniview,Dateks,4 GB,75 W,https://www.dateks.lv/images/pic/1200/1200/621/1912.jpg
"Sparkle Intel Arc A380, 6GB GDDR6, ELF",ARC A380 6 GB,Intel,ARC A380,139.8,https://www.dateks.lv/cenas/videokartes/1020337-sparkle-intel-arc-a380-6gb-gddr6-elf,Dateks,6 GB,75 W,https://www.dateks.lv/images/pic/1200/1200/219/1622.jpg
"Sapphire Radeon RX 6400, 4GB GDDR6, PULSE",RX 6400 4 GB,AMD,RX 6400,146.59,https://www.dateks.lv/cenas/videokartes/829277-sapphire-radeon-rx-6400-4gb-gddr6-pulse,Dateks,4 GB,53 W,https://www.dateks.lv/images/pic/1200/1200/065/1177.jpg
"Asrock Radeon RX 6400, 4GB GDDR6, Low-Profile",RX 6400 4 GB,AMD,RX 6400,156.87,https://www.dateks.lv/cenas/videokartes/1143617-asrock-radeon-rx-6400-4gb-gddr6-low-profile,Dateks,4 GB,53 W,https://www.dateks.lv/images/pic/1200/1200/978/1845.jpg
"Sapphire Radeon RX 6500 XT, 4GB GDDR6, PULSE OC",RX 6500 XT 4 GB,AMD,RX 6500 XT,166.53,https://www.dateks.lv/cenas/videokartes/1141532-sapphire-radeon-rx-6500-xt-4gb-gddr6-pulse-oc,Dateks,4 GB,107 W,https://www.dateks.lv/images/pic/1200/1200/153/1807.jpg
"Asrock Radeon RX 6400, 4GB GDDR6, Challenger ITX",RX 6400 4 GB,AMD,RX 6400,168.86,https://www.dateks.lv/cenas/videokartes/860365-asrock-radeon-rx-6400-4gb-gddr6-challenger-itx,Dateks,4 GB,53 W,https://www.dateks.lv/images/pic/1200/1200/422/1337.jpg
"Asrock Radeon RX 6500 XT, 4GB GDDR6, Phantom Gaming D OC",RX 6500 XT 4 GB,AMD,RX 6500 XT,177.92,https://www.dateks.lv/cenas/videokartes/804996-asrock-radeon-rx-6500-xt-4gb-gddr6-phantom-gaming-d-oc,Dateks,4 GB,107 W,https://www.dateks.lv/images/pic/1200/1200/001/1179.jpg
"PowerColor Radeon RX 6500 XT, 4GB GDDR6, Fighter",RX 6500 XT 4 GB,AMD,RX 6500 XT,185.5,https://www.dateks.lv/cenas/videokartes/1158394-powercolor-radeon-rx-6500-xt-4gb-gddr6-fighter,Dateks,4 GB,107 W,https://www.dateks.lv/images/pic/1200/1200/502/1900.jpg
"Palit GeForce RTX 3050, 6GB GDDR6, StormX",RTX 3050 8 GB,NVIDIA,RTX 3050,188.23,https://www.dateks.lv/cenas/videokartes/1075089-palit-geforce-rtx-3050-6gb-gddr6-stormx,Dateks,8 GB,130 W,https://www.dateks.lv/images/pic/1200/1200/499/1621.jpg
"Sapphire Radeon RX 6500 XT, 8GB GDDR6, PULSE",RX 6500 XT 4 GB,AMD,RX 6500 XT,193.02,https://www.dateks.lv/cenas/videokartes/1159768-sapphire-radeon-rx-6500-xt-8gb-gddr6-pulse,Dateks,4 GB,107 W,https://www.dateks.lv/images/pic/1200/1200/453/1841.jpg
"Gainward GeForce RTX 3050, 6GB GDDR6, Pegasus",RTX 3050 8 GB,NVIDIA,RTX 3050,194.69,https://www.dateks.lv/cenas/videokartes/1067520-gainward-geforce-rtx-3050-6gb-gddr6-pegasus,Dateks,8 GB,130 W,https://www.dateks.lv/images/pic/1200/1200/343/1617.jpg
"Gigabyte Radeon RX 6500 XT, 4GB GDDR6, Eagle",RX 6500 XT 4 GB,AMD,RX 6500 XT,195.29,https://www.dateks.lv/cenas/videokartes/802070-gigabyte-radeon-rx-6500-xt-4gb-gddr6-eagle,Dateks,4 GB,107 W,https://www.dateks.lv/images/pic/1200/1200/873/1125.jpg
"Gigabyte Radeon RX 6400, 4GB GDDR6, LP",RX 6400 4 GB,AMD,RX 6400,195.29,https://www.dateks.lv/cenas/videokartes/835222-gigabyte-radeon-rx-6400-4gb-gddr6-lp,Dateks,4 GB,53 W,https://www.dateks.lv/images/pic/1200/1200/152/1179.jpg
"Sapphire Radeon RX 6500 XT, 4GB GDDR6, PULSE PURE ITX",RX 6500 XT 4 GB,AMD,RX 6500 XT,199.29,https://www.dateks.lv/cenas/videokartes/1211060-sapphire-radeon-rx-6500-xt-4gb-gddr6-pulse-pure-itx,Dateks,4 GB,107 W,https://www.dateks.lv/images/pic/1200/1200/145/1918.jpg
"PNY Technologies GeForce RTX 3050, 6GB GDDR6, VERTO Dual Fan",RTX 3050 8 GB,NVIDIA,RTX 3050,200.6,https://www.dateks.lv/cenas/videokartes/1101128-pny-technologies-geforce-rtx-3050-6gb-gddr6-verto-dual-fan,Dateks,8 GB,130 W,https://www.dateks.lv/images/pic/1200/1200/009/1713.jpg
"Gigabyte Radeon RX 6400, 4GB, GDDR6, Eagle",RX 6400 4 GB,AMD,RX 6400,201.82,https://www.dateks.lv/cenas/videokartes/835223-gigabyte-radeon-rx-6400-4gb-gddr6-eagle,Dateks,4 GB,53 W,https://www.dateks.lv/images/pic/1200/1200/158/1179.jpg
"Gigabyte GeForce RTX 3050, 6GB GDDR6, WindForce OC V2",RTX 3050 8 GB,NVIDIA,RTX 3050,204.5,https://www.dateks.lv/cenas/videokartes/1172253-gigabyte-geforce-rtx-3050-6gb-gddr6-windforce-oc-v2,Dateks,8 GB,130 W,https://www.dateks.lv/images/pic/1200/1200/622/1856.jpg
"MSI GeForce RTX 3050, 6GB GDDR6, VENTUS 2X E OC",RTX 3050 8 GB,NVIDIA,RTX 3050,204.5,https://www.dateks.lv/cenas/videokartes/1158909-microstar-geforce-rtx-3050-6gb-gddr6-ventus-2e-oc,Dateks,8 GB,130 W,https://www.dateks.lv/images/pic/1200/1200/890/1836.jpg
"Asus GeForce RTX 3050, 6GB GDDR6, Dual OC Edition",RTX 3050 8 GB,NVIDIA,RTX 3050,205.78,https://www.dateks.lv/cenas/videokartes/1071445-asus-geforce-rtx-3050-6gb-gddr6-dual-oc-edition,Dateks,8 GB,130 W,https://www.dateks.lv/images/pic/1200/1200/915/1608.jpg
"Zotac GeForce RTX 3050, 6GB GDDR6, LP Twin Fan",RTX 3050 8 GB,NVIDIA,RTX 3050,209.43,https://www.dateks.lv/cenas/videokartes/1112904-zotac-geforce-rtx-3050-6gb-gddr6-lp-twin-fan,Dateks,8 GB,130 W,https://www.dateks.lv/images/pic/1200/1200/017/1773.jpg
"Palit GeForce RTX 3050, 6GB GDDR6, KalmX",RTX 3050 8 GB,NVIDIA,RTX 3050,211.45,https://www.dateks.lv/cenas/videokartes/1067518-palit-geforce-rtx-3050-6gb-gddr6-kalmx,Dateks,8 GB,130 W,https://www.dateks.lv/images/pic/1200/1200/311/1630.jpg
"Gigabyte GeForce RTX 3050, 6GB GDDR6, WindForce OC",RTX 3050 8 GB,NVIDIA,RTX 3050,212.12,https://www.dateks.lv/cenas/videokartes/1111008-gigabyte-geforce-rtx-3050-6gb-gddr6-windforce-oc,Dateks,8 GB,130 W,https://www.dateks.lv/images/pic/1200/1200/870/1743.jpg
"Afox GeForce GTX 1660 Super, 6GB GDDR6",GTX 1660 SUPER 6 GB,NVIDIA,GTX 1660 SUPER,214.42,https://www.dateks.lv/cenas/videokartes/1192316-afox-geforce-gtx-1660-super-6gb-gddr6,Dateks,6 GB,125 W,https://www.dateks.lv/images/pic/1200/1200/020/1884.jpg
"Inno3D GeForce RTX 3050, 6GB GDDR6, Twin X2",RTX 3050 8 GB,NVIDIA,RTX 3050,214.65,https://www.dateks.lv/cenas/videokartes/1103821-inno3d-geforce-rtx-3050-6gb-gddr6-twin-x2,Dateks,8 GB,130 W,https://www.dateks.lv/images/pic/1200/1200/220/1736.jpg
"Palit GeForce RTX 3050, 8GB GDDR6, StormX",RTX 3050 8 GB,NVIDIA,RTX 3050,216.92,https://www.dateks.lv/cenas/videokartes/922504-palit-geforce-rtx-3050-8gb-gddr6-stormx,Dateks,8 GB,130 W,https://www.dateks.lv/images/pic/1200/1200/687/1350.jpg
"Zotac GeForce RTX 3050, 6GB GDDR6, Solo",RTX 3050 8 GB,NVIDIA,RTX 3050,218.11,https://www.dateks.lv/cenas/videokartes/1073071-zotac-geforce-rtx-3050-6gb-gddr6-solo,Dateks,8 GB,130 W,https://www.dateks.lv/images/pic/1200/1200/251/1321.jpg
"Sparkle Intel Arc A750, 8GB GDDR6, ORC OC",ARC A750 8 GB,Intel,ARC A750,219.61,https://www.dateks.lv/cenas/videokartes/1020336-sparkle-intel-arc-a750-8gb-gddr6-orc-oc,Dateks,8 GB,225 W,https://www.dateks.lv/images/pic/1200/1200/226/1622.jpg
"MSI GeForce RTX 3050, 6GB GDDR6, LP OC",RTX 3050 8 GB,NVIDIA,RTX 3050,220.25,https://www.dateks.lv/cenas/videokartes/1063686-microstar-geforce-rtx-3050-6gb-gddr6-lp-oc,Dateks,8 GB,130 W,https://www.dateks.lv/images/pic/1200/1200/105/1608.jpg
"Asus GeForce RTX 3050, 6GB GDDR6, Low Profile Edition",RTX 3050 8 GB,NVIDIA,RTX 3050,222.63,https://www.dateks.lv/cenas/videokartes/1082805-asus-geforce-rtx-3050-6gb-gddr6-low-profile-edition,Dateks,8 GB,130 W,https://www.dateks.lv/images/pic/1200/1200/101/1650.jpg
"MSI GeForce RTX 3050, 6GB GDDR6, VENTUS 2X OC",RTX 3050 8 GB,NVIDIA,RTX 3050,225.43,https://www.dateks.lv/cenas/videokartes/1072574-microstar-geforce-rtx-3050-6gb-gddr6-ventus-2x-oc,Dateks,8 GB,130 W,https://www.dateks.lv/images/pic/1200/1200/748/1611.jpg
"Gigabyte GeForce RTX 3050, 6GB GDDR6, OC Low Profile",RTX 3050 8 GB,NVIDIA,RTX 3050,230.02,https://www.dateks.lv/cenas/videokartes/1071446-gigabyte-geforce-rtx-3050-6gb-gddr6-oc-low-profile,Dateks,8 GB,130 W,https://www.dateks.lv/images/pic/1200/1200/925/1608.jpg
"Asrock Radeon RX 6600, 8GB GDDR6, Challenger D",RX 6600 8 GB,AMD,RX 6600,230.41,https://www.dateks.lv/cenas/videokartes/805393-asrock-radeon-rx-6600-8gb-gddr6-challenger-d,Dateks,8 GB,132 W,https://www.dateks.lv/images/pic/1200/1200/743/1130.jpg
"Gainward GeForce RTX 3050, 8GB GDDR6, Pegasus",RTX 3050 8 GB,NVIDIA,RTX 3050,230.61,https://www.dateks.lv/cenas/videokartes/940348-gainward-geforce-rtx-3050-8gb-gddr6-pegasus,Dateks,8 GB,130 W,https://www.dateks.lv/images/pic/1200/1200/814/1779.jpg
"Biostar GeForce GTX 1660 SUPER, 6GB GDDR6, Extreme Gaming",GTX 1660 SUPER 6 GB,NVIDIA,GTX 1660 SUPER,231.24,https://www.dateks.lv/cenas/videokartes/1185901-biostar-geforce-gtx-1660-super-6gb-gddr6-extreme-gaming,Dateks,6 GB,125 W,https://www.dateks.lv/images/pic/1200/1200/543/1912.jpg
"MSI GeForce RTX 3050, 8GB GDDR6, VENTUS 2X XS WHITE OC",RTX 3050 8 GB,NVIDIA,RTX 3050,231.58,https://www.dateks.lv/cenas/videokartes/1169244-microstar-geforce-rtx-3050-8gb-gddr6-ventus-2x-xs-white-oc,Dateks,8 GB,130 W,https://www.dateks.lv/images/pic/1200/1200/270/1854.jpg
"Zotac GeForce RTX 3050, 8GB GDDR6, ECO",RTX 3050 8 GB,NVIDIA,RTX 3050,232.58,https://www.dateks.lv/cenas/videokartes/1001334-zotac-geforce-rtx-3050-8gb-gddr6-eco,Dateks,8 GB,130 W,https://www.dateks.lv/images/pic/1200/1200/363/1504.jpg
"PowerColor Radeon RX 6600, 8GB GDDR6, Fighter",RX 6600 8 GB,AMD,RX 6600,236.98,https://www.dateks.lv/cenas/videokartes/920499-powercolor-radeon-rx-6600-8gb-gddr6-fighter,Dateks,8 GB,132 W,https://www.dateks.lv/images/pic/1200/1200/062/1369.jpg
"MSI GeForce RTX 3050, 8GB GDDR6, VENTUS 2X XS OC",RTX 3050 8 GB,NVIDIA,RTX 3050,250.09,https://www.dateks.lv/cenas/videokartes/984830-microstar-geforce-rtx-3050-8gb-gddr6-ventus-2x-xs-oc,Dateks,8 GB,130 W,https://www.dateks.lv/images/pic/1200/1200/476/1471.jpg
"Asus GeForce RTX 3050, 8GB GDDR6, Dual OC V2",RTX 3050 8 GB,NVIDIA,RTX 3050,250.21,https://www.dateks.lv/cenas/videokartes/966728-asus-geforce-rtx-3050-8gb-gddr6-dual-oc-v2,Dateks,8 GB,130 W,https://www.dateks.lv/images/pic/1200/1200/093/1435.jpg
"Inno3D GeForce RTX 3050, 8GB GDDR6, Twin X2 OC",RTX 3050 8 GB,NVIDIA,RTX 3050,250.72,https://www.dateks.lv/cenas/videokartes/1063655-inno3d-geforce-rtx-3050-8gb-gddr6-twin-x2-oc,Dateks,8 GB,130 W,https://www.dateks.lv/images/pic/1200/1200/425/1617.jpg
"Asrock Arc B570 Challenger 10GB OC Grafikkarte, 10240 MB GDDR6",ARC B570 10 GB,Intel,ARC B570,254.5,https://www.dateks.lv/cenas/videokartes/1180020-asrock-arc-b570-challenger-10gb-oc-grafikkarte-10240-mb-gddr6,Dateks,10 GB,150 W,https://www.dateks.lv/images/pic/1200/1200/706/1869.jpg
"Asus GeForce RTX 3050, 8GB GDDR6, Phoenix V2",RTX 3050 8 GB,NVIDIA,RTX 3050,254.67,https://www.dateks.lv/cenas/videokartes/993463-asus-geforce-rtx-3050-8gb-gddr6-phoenix-v2,Dateks,8 GB,130 W,https://www.dateks.lv/images/pic/1200/1200/992/1488.jpg
"Asus Radeon RX 6600, 8GB GDDR6, DUAL V3",RX 6600 8 GB,AMD,RX 6600,257.36,https://www.dateks.lv/cenas/videokartes/1159006-asus-radeon-rx-6600-8gb-gddr6-dual-v3,Dateks,8 GB,132 W,https://www.dateks.lv/images/pic/1200/1200/137/1837.jpg
"Asrock Radeon RX 6600, 8GB GDDR6, Challanger White",RX 6600 8 GB,AMD,RX 6600,258.04,https://www.dateks.lv/cenas/videokartes/1154870-asrock-radeon-rx-6600-8gb-gddr6-challanger-white,Dateks,8 GB,132 W,https://www.dateks.lv/images/pic/1200/1200/994/1772.jpg
"Zotac GeForce RTX 3050, 8GB GDDR6, ECO SOLO",RTX 3050 8 GB,NVIDIA,RTX 3050,267.09,https://www.dateks.lv/cenas/videokartes/1012521-zotac-geforce-rtx-3050-8gb-gddr6-eco-solo,Dateks,8 GB,130 W,https://www.dateks.lv/images/pic/1200/1200/437/1530.jpg
"Sparkle Intel Arc B570, 10GB GDDR6, GUARDIAN LUNA OC",ARC B570 10 GB,Intel,ARC B570,271.39,https://www.dateks.lv/cenas/videokartes/1195757-sparkle-intel-arc-b570-10gb-gddr6-guardian-luna-oc,Dateks,10 GB,150 W,https://www.dateks.lv/images/pic/1200/1200/085/1892.jpg
"PowerColor Radeon RX 7600, 8GB GDDR6, Fighter",RX 7600 8 GB,AMD,RX 7600,274.22,https://www.dateks.lv/cenas/videokartes/971369-powercolor-radeon-rx-7600-8gb-gddr6-fighter,Dateks,8 GB,165 W,https://www.dateks.lv/images/pic/1200/1200/813/1449.jpg
"Sparkle Intel Arc B570, 10GB GDDR6, GUARDIAN OC",ARC B570 10 GB,Intel,ARC B570,276.46,https://www.dateks.lv/cenas/videokartes/1180037-sparkle-intel-arc-b570-10gb-gddr6-guardian-oc,Dateks,10 GB,150 W,https://www.dateks.lv/images/pic/1200/1200/769/1869.jpg
"Acer Arc A750, 8GB GDDR6, Predator BiFrost OC",ARC A750 8 GB,Intel,ARC A750,276.67,https://www.dateks.lv/cenas/videokartes/989068-acer-arc-a750-8gb-gddr6-predator-bifrost-oc,Dateks,8 GB,225 W,https://www.dateks.lv/images/pic/1200/1200/852/1483.jpg
"Asus GeForce RTX 3050, 8GB GDDR6, TUF Gaming OC",RTX 3050 8 GB,NVIDIA,RTX 3050,284.51,https://www.dateks.lv/cenas/videokartes/1219676-asus-geforce-rtx-3050-8gb-gddr6-tuf-gaming-oc,Dateks,8 GB,130 W,https://www.dateks.lv/images/pic/1200/1200/623/1929.jpg
"Sapphire Radeon RX 7600, 8GB GDDR6, PULSE",RX 7600 8 GB,AMD,RX 7600,286.13,https://www.dateks.lv/cenas/videokartes/970111-sapphire-radeon-rx-7600-8gb-gddr6-pulse,Dateks,8 GB,165 W,https://www.dateks.lv/images/pic/1200/1200/135/1443.jpg
"Asrock Radeon RX 7600, 8GB GDDR6, Challenger OC",RX 7600 8 GB,AMD,RX 7600,288.97,https://www.dateks.lv/cenas/videokartes/971109-asrock-radeon-rx-7600-8gb-gddr6-challenger-oc,Dateks,8 GB,165 W,https://www.dateks.lv/images/pic/1200/1200/308/1445.jpg
"Intel Arc A750, 8GB GDDR6",ARC A750 8 GB,Intel,ARC A750,290.47,https://www.dateks.lv/cenas/videokartes/904528-intel-arc-a750-8gb-gddr6,Dateks,8 GB,225 W,https://www.dateks.lv/images/pic/1200/1200/432/1331.jpg
"Asus Radeon RX 7600, 8GB GDDR6, Dual EVO OC",RX 7600 8 GB,AMD,RX 7600,292.48,https://www.dateks.lv/cenas/videokartes/1165150-asus-radeon-rx-7600-8gb-gddr6-dual-evo-oc,Dateks,8 GB,165 W,https://www.dateks.lv/images/pic/1200/1200/321/1848.jpg
Acer Nitro Arc B570 OC,ARC B570 10 GB,Intel,ARC B570,295.97,https://www.dateks.lv/cenas/videokartes/1179792-acer-nitro-arc-b570-oc,Dateks,10 GB,150 W,https://www.dateks.lv/images/pic/1200/1200/689/1869.jpg
"Gigabyte GeForce RTX 3060, 8GB GDDR6, Gaming OC rev. 2.0",RTX 3060 12 GB,NVIDIA,RTX 3060,305.74,https://www.dateks.lv/cenas/videokartes/964953-gigabyte-geforce-rtx-3060-8gb-gddr6-gaming-oc-rev-2-0,Dateks,12 GB,170 W,https://www.dateks.lv/images/pic/1200/1200/720/1430.jpg
"Gigabyte GeForce RTX 3060, 12GB GDDR6, WindForce OC",RTX 3060 12 GB,NVIDIA,RTX 3060,307.18,https://www.dateks.lv/cenas/videokartes/885477-gigabyte-geforce-rtx-3060-12gb-gddr6-windforce-oc,Dateks,12 GB,170 W,https://www.dateks.lv/images/pic/1200/1200/920/1281.jpg
"Biostar GeForce RTX 3060, 12GB GDDR6, Extreme Gaming",RTX 3060 12 GB,NVIDIA,RTX 3060,309.07,https://www.dateks.lv/cenas/videokartes/1027876-biostar-geforce-rtx-3060-12gb-gddr6-extreme-gaming,Dateks,12 GB,170 W,https://www.dateks.lv/images/pic/1200/1200/606/1552.jpg
"XFX Radeon RX 7600, 8GB GDDR6, Speedster SWFT 210 Core Edition",RX 7600 8 GB,AMD,RX 7600,314.54,https://www.dateks.lv/cenas/videokartes/970278-xfx-radeon-rx-7600-8gb-gddr6-speedster-swft-210-core-edition,Dateks,8 GB,165 W,https://www.dateks.lv/images/pic/1200/1200/575/1443.jpg
"XFX Radeon RX 7600, 8GB GDDR6, Speedster Qick 308 Black Edition",RX 7600 8 GB,AMD,RX 7600,314.8,https://www.dateks.lv/cenas/videokartes/970279-xfx-radeon-rx-7600-8gb-gddr6-speedster-qick-308-black-edition,Dateks,8 GB,165 W,https://www.dateks.lv/images/pic/1200/1200/570/1443.jpg
"Gigabyte Radeon RX 7600, 8GB GDDR6, Gaming OC",RX 7600 8 GB,AMD,RX 7600,315.51,https://www.dateks.lv/cenas/videokartes/970262-gigabyte-radeon-rx-7600-8gb-gddr6-gaming-oc,Dateks,8 GB,165 W,https://www.dateks.lv/images/pic/1200/1200/436/1443.jpg
"Inno3D GeForce RTX 4060, 8GB GDDR6, Compact (DLSS 3)",RTX 4060 8 GB,NVIDIA,RTX 4060,317.35,https://www.dateks.lv/cenas/videokartes/977660-inno3d-geforce-rtx-4060-8gb-gddr6-compact-dlss-3-,Dateks,8 GB,115 W,https://www.dateks.lv/images/pic/1200/1200/180/1460.jpg
"Asrock Arc B580, 12GB GDDR6, Challanger OC",ARC B580 12 GB,Intel,ARC B580,318.08,https://www.dateks.lv/cenas/videokartes/1171567-asrock-arc-b580-12gb-gddr6-challanger-oc,Dateks,12 GB,190 W,https://www.dateks.lv/images/pic/1200/1200/349/1860.jpg
"Inno3D GeForce RTX 3060, 12GB GDDR6, Twin X2 OC LHR",RTX 3060 12 GB,NVIDIA,RTX 3060,320.37,https://www.dateks.lv/cenas/videokartes/749640-inno3d-geforce-rtx-3060-12gb-gddr6-twin-x2-oc-lhr,Dateks,12 GB,170 W,https://www.dateks.lv/images/pic/1200/1200/706/1035.jpg
"Gainward GeForce RTX 4060, 8GB GDDR6, Pegasus (DLSS 3)",RTX 4060 8 GB,NVIDIA,RTX 4060,321.85,https://www.dateks.lv/cenas/videokartes/977891-gainward-geforce-rtx-4060-8gb-gddr6-pegasus-dlss-3-,Dateks,8 GB,115 W,https://www.dateks.lv/images/pic/1200/1200/487/1467.jpg
"Asrock Radeon RX 7600, 8G GDDR6, Steel Legend OC",RX 7600 8 GB,AMD,RX 7600,324.91,https://www.dateks.lv/cenas/videokartes/971404-asrock-radeon-rx-7600-8g-gddr6-steel-legend-oc,Dateks,8 GB,165 W,https://www.dateks.lv/images/pic/1200/1200/863/1449.jpg
"Inno3D GeForce RTX 3060, 12GB GDDR6, Twin X2",RTX 3060 12 GB,NVIDIA,RTX 3060,326.45,https://www.dateks.lv/cenas/videokartes/821638-inno3d-geforce-rtx-3060-12gb-gddr6-twin-x2,Dateks,12 GB,170 W,https://www.dateks.lv/images/pic/1200/1200/169/1179.jpg
"Asus GeForce RTX 3060, 12GB GDDR6, Dual OC V2 (LHR)",RTX 3060 12 GB,NVIDIA,RTX 3060,326.54,https://www.dateks.lv/cenas/videokartes/713732-asus-geforce-rtx-3060-12gb-gddr6-dual-oc-v2-lhr-,Dateks,12 GB,170 W,https://www.dateks.lv/images/pic/1200/1200/687/918.jpg
"MSI GeForce RTX 3060, 12GB GDDR6, VENTUS 2X OC",RTX 3060 12 GB,NVIDIA,RTX 3060,326.65,https://www.dateks.lv/cenas/videokartes/749534-microstar-geforce-rtx-3060-12gb-gddr6-ventus-2x-oc,Dateks,12 GB,170 W,https://www.dateks.lv/images/pic/1200/1200/930/1034.jpg
"Sparkle Intel Arc B580, 12GB GDDR6, GUARDIAN",ARC B580 12 GB,Intel,ARC B580,326.97,https://www.dateks.lv/cenas/videokartes/1203996-sparkle-intel-arc-b580-12gb-gddr6-guardian,Dateks,12 GB,190 W,https://www.dateks.lv/images/pic/1200/1200/647/1912.jpg
"Acer Radeon RX 7600, 8GB GDDR6, Predator BiFrost OC",RX 7600 8 GB,AMD,RX 7600,328.41,https://www.dateks.lv/cenas/videokartes/989147-acer-radeon-rx-7600-8gb-gddr6-predator-bifrost-oc,Dateks,8 GB,165 W,https://www.dateks.lv/images/pic/1200/1200/848/1483.jpg
"Palit GeForce RTX 4060, 8GB GDDR6, StormX (DLSS 3)",RTX 4060 8 GB,NVIDIA,RTX 4060,329.19,https://www.dateks.lv/cenas/videokartes/977889-palit-geforce-rtx-4060-8gb-gddr6-stormx-dlss-3-,Dateks,8 GB,115 W,https://www.dateks.lv/images/pic/1200/1200/458/1467.jpg
"Gigabyte GeForce RTX 3060, 12GB GDDR6, WindForce OC rev. 2.0",RTX 3060 12 GB,NVIDIA,RTX 3060,332.81,https://www.dateks.lv/cenas/videokartes/966206-gigabyte-geforce-rtx-3060-12gb-gddr6-windforce-oc-rev-2-0,Dateks,12 GB,170 W,https://www.dateks.lv/images/pic/1200/1200/650/1433.jpg
"Sparkle Intel Arc A770, 16GB GDDR6, ROC Luna",ARC A770 16 GB,Intel,ARC A770,333.81,https://www.dateks.lv/cenas/videokartes/1113795-sparkle-intel-arc-a770-16gb-gddr6-roc-luna,Dateks,16 GB,225 W,https://www.dateks.lv/images/pic/1200/1200/315/1752.jpg
"Sparkle Intel Arc B580, 12GB GDDR6, TITAN OC",ARC B580 12 GB,Intel,ARC B580,334.58,https://www.dateks.lv/cenas/videokartes/1170596-sparkle-intel-arc-b580-12gb-gddr6-titan-oc,Dateks,12 GB,190 W,https://www.dateks.lv/images/pic/1200/1200/486/1855.jpg
"Gigabyte GeForce RTX 3060, 12GB GDDR6, Gaming OC rev. 2.0 (LHR)",RTX 3060 12 GB,NVIDIA,RTX 3060,336.29,https://www.dateks.lv/cenas/videokartes/712874-gigabyte-geforce-rtx-3060-12gb-gddr6-gaming-oc-rev-2-0-lhr-,Dateks,12 GB,170 W,https://www.dateks.lv/images/pic/1200/1200/830/914.jpg
"Asrock Intel Arc A770, 16GB GDDR6, Challenger SE OC",ARC A770 16 GB,Intel,ARC A770,337.31,https://www.dateks.lv/cenas/videokartes/1195855-asrock-intel-arc-a770-16gb-gddr6-challenger-se-oc,Dateks,16 GB,225 W,https://www.dateks.lv/images/pic/1200/1200/677/1894.jpg
"Gigabyte GeForce RTX 4060, 8GB GDDR6, D6 (DLSS 3)",RTX 4060 8 GB,NVIDIA,RTX 4060,337.99,https://www.dateks.lv/cenas/videokartes/1008287-gigabyte-geforce-rtx-4060-8gb-gddr6-d6-dlss-3-,Dateks,8 GB,115 W,https://www.dateks.lv/images/pic/1200/1200/474/1526.jpg
"Intel Arc B580, 12GB GDDR6, Intel Limited Edition",ARC B580 12 GB,Intel,ARC B580,340.24,https://www.dateks.lv/cenas/videokartes/1171787-intel-arc-b580-12gb-gddr6-intel-limited-edition,Dateks,12 GB,190 W,https://www.dateks.lv/images/pic/1200/1200/332/1860.jpg
"Asrock Radeon RX 7600, 8GB GDDR6, Phantom Gaming OC",RX 7600 8 GB,AMD,RX 7600,349.53,https://www.dateks.lv/cenas/videokartes/970314-asrock-radeon-rx-7600-8gb-gddr6-phantom-gaming-oc,Dateks,8 GB,165 W,https://www.dateks.lv/images/pic/1200/1200/488/1443.jpg
"Asrock Arc B580, 12GB GDDR6, Steel Legend OC",ARC B580 12 GB,Intel,ARC B580,351.38,https://www.dateks.lv/cenas/videokartes/1171566-asrock-arc-b580-12gb-gddr6-steel-legend-oc,Dateks,12 GB,190 W,https://www.dateks.lv/images/pic/1200/1200/343/1860.jpg
"Zotac GeForce RTX 3060, 12GB GDDR6, Twin Edge",RTX 3060 12 GB,NVIDIA,RTX 3060,353.11,https://www.dateks.lv/cenas/videokartes/826565-zotac-geforce-rtx-3060-12gb-gddr6-twin-edge,Dateks,12 GB,170 W,https://www.dateks.lv/images/pic/1200/1200/061/1177.jpg
"Palit GeForce RTX 4060, 8GB GDDR6, Infinity2 (DLSS 3)",RTX 4060 8 GB,NVIDIA,RTX 4060,353.5,https://www.dateks.lv/cenas/videokartes/1102804-palit-geforce-rtx-4060-8gb-gddr6-infinity2-dlss-3-,Dateks,8 GB,115 W,https://www.dateks.lv/images/pic/1200/1200/259/1721.jpg
"Asus GeForce RTX 4060, 8GB GDDR6, Dual OC V2 (DLSS 3)",RTX 4060 8 GB,NVIDIA,RTX 4060,357.93,https://www.dateks.lv/cenas/videokartes/1044968-asus-geforce-rtx-4060-8gb-gddr6-dual-oc-v2-dlss-3-,Dateks,8 GB,115 W,https://www.dateks.lv/images/pic/1200/1200/386/1562.jpg
"Inno3D GeForce RTX 3060, 8GB GDDR6X, Twin X2 OC",RTX 3060 12 GB,NVIDIA,RTX 3060,359.06,https://www.dateks.lv/cenas/videokartes/940608-inno3d-geforce-rtx-3060-8gb-gddr6x-twin-x2-oc,Dateks,12 GB,170 W,https://www.dateks.lv/images/pic/1200/1200/728/1391.jpg
Acer Nitro Arc B580 OC,ARC B580 12 GB,Intel,ARC B580,359.86,https://www.dateks.lv/cenas/videokartes/1173153-acer-nitro-arc-b580-oc,Dateks,12 GB,190 W,https://www.dateks.lv/images/pic/1200/1200/689/1869.jpg
"Asrock Arc A770, 16GB GDDR6, Phantom Gaming OC",ARC A770 16 GB,Intel,ARC A770,362.55,https://www.dateks.lv/cenas/videokartes/988372-asrock-arc-a770-16gb-gddr6-phantom-gaming-oc,Dateks,16 GB,225 W,https://www.dateks.lv/images/pic/1200/1200/627/1338.jpg
"Gigabyte GeForce RTX 4060, 8GB GDDR6, WindForce OC (DLSS 3)",RTX 4060 8 GB,NVIDIA,RTX 4060,364.08,https://www.dateks.lv/cenas/videokartes/977534-gigabyte-geforce-rtx-4060-8gb-gddr6-windforce-oc-dlss-3-,Dateks,8 GB,115 W,https://www.dateks.lv/images/pic/1200/1200/218/1459.jpg
"Inno3D GeForce RTX 4060, 8GB GDDR6, Twin X2 (DLSS 3)",RTX 4060 8 GB,NVIDIA,RTX 4060,365.85,https://www.dateks.lv/cenas/videokartes/977659-inno3d-geforce-rtx-4060-8gb-gddr6-twin-x2-dlss-3-,Dateks,8 GB,115 W,https://www.dateks.lv/images/pic/1200/1200/183/1460.jpg
"Gigabyte Radeon RX 7600 XT, 16GB GDDR6, Gaming OC",RX 7600 XT 16 GB,AMD,RX 7600 XT,368.22,https://www.dateks.lv/cenas/videokartes/1062051-gigabyte-radeon-rx-7600-xt-16gb-gddr6-gaming-oc,Dateks,16 GB,190 W,https://www.dateks.lv/images/pic/1200/1200/307/1595.jpg
"Asus GeForce RTX 4060, 8GB GDDR6, Dual EVO OC White Edition (DLSS 3)",RTX 4060 8 GB,NVIDIA,RTX 4060,370.29,https://www.dateks.lv/cenas/videokartes/1147421-asus-geforce-rtx-4060-8gb-gddr6-dual-evo-oc-white-edition-dlss-3-,Dateks,8 GB,115 W,https://www.dateks.lv/images/pic/1200/1200/227/1815.jpg
"Zotac GeForce RTX 4060, 8GB GDDR6, Twin Edge OC White Edition (DLSS 3)",RTX 4060 8 GB,NVIDIA,RTX 4060,372.5,https://www.dateks.lv/cenas/videokartes/974734-zotac-geforce-rtx-4060-8gb-gddr6-twin-edge-oc-white-edition-dlss-3-,Dateks,8 GB,115 W,https://www.dateks.lv/images/pic/1200/1200/909/1458.jpg
"Inno3D GeForce RTX 4060, 8GB GDDR6, Twin X2 V2 (DLSS 3)",RTX 4060 8 GB,NVIDIA,RTX 4060,373.37,https://www.dateks.lv/cenas/videokartes/1181043-inno3d-geforce-rtx-4060-8gb-gddr6-twin-x2-v2-dlss-3-,Dateks,8 GB,115 W,https://www.dateks.lv/images/pic/1200/1200/731/1829.jpg
"Gigabyte GeForce RTX 4060, 8GB GDDR6, Eagle OC (DLSS 3)",RTX 4060 8 GB,NVIDIA,RTX 4060,377.69,https://www.dateks.lv/cenas/videokartes/977533-gigabyte-geforce-rtx-4060-8gb-gddr6-eagle-oc-dlss-3-,Dateks,8 GB,115 W,https://www.dateks.lv/images/pic/1200/1200/225/1459.jpg
"Sapphire Radeon RX 7600 XT, 16GB GDDR6, PULSE",RX 7600 XT 16 GB,AMD,RX 7600 XT,381.86,https://www.dateks.lv/cenas/videokartes/1050581-sapphire-radeon-rx-7600-xt-16gb-gddr6-pulse,Dateks,16 GB,190 W,https://www.dateks.lv/images/pic/1200/1200/094/1622.jpg
"Inno3D GeForce RTX 3060, 8GB GDDR6, Twin X2",RTX 3060 12 GB,NVIDIA,RTX 3060,382.74,https://www.dateks.lv/cenas/videokartes/918418-inno3d-geforce-rtx-3060-8gb-gddr6-twin-x2,Dateks,12 GB,170 W,https://www.dateks.lv/images/pic/1200/1200/852/1337.jpg
"Asus Radeon RX 7600 XT, 16GB GDDR6, Dual OC",RX 7600 XT 16 GB,AMD,RX 7600 XT,384.39,https://www.dateks.lv/cenas/videokartes/1082807-asus-radeon-rx-7600-xt-16gb-gddr6-dual-oc,Dateks,16 GB,190 W,https://www.dateks.lv/images/pic/1200/1200/995/1593.jpg
"MSI GeForce RTX 4060, 8GB GDDR6, VENTUS 2X WHITE 8G OC (DLSS 3)",RTX 4060 8 GB,NVIDIA,RTX 4060,386.24,https://www.dateks.lv/cenas/videokartes/1001278-microstar-geforce-rtx-4060-8gb-gddr6-ventus-2x-white-8g-oc-dlss-3-,Dateks,8 GB,115 W,https://www.dateks.lv/images/pic/1200/1200/615/1503.jpg
"Gigabyte GeForce RTX 4060, 8GB GDDR6, Low Profile OC (DLSS 3)",RTX 4060 8 GB,NVIDIA,RTX 4060,389.19,https://www.dateks.lv/cenas/videokartes/991572-gigabyte-geforce-rtx-4060-8gb-gddr6-low-profile-oc-dlss-3-,Dateks,8 GB,115 W,https://www.dateks.lv/images/pic/1200/1200/315/1496.jpg
"Zotac GeForce RTX 4060, 8GB GDDR6, Twin Edge (DLSS 3)",RTX 4060 8 GB,NVIDIA,RTX 4060,392.22,https://www.dateks.lv/cenas/videokartes/984374-zotac-geforce-rtx-4060-8gb-gddr6-twin-edge-dlss-3-,Dateks,8 GB,115 W,https://www.dateks.lv/images/pic/1200/1200/458/1471.jpg
"Biostar GeForce RTX 3060 Ti, 8GB GDDR6, Extreme Gaming",RTX 3060 TI 8 GB,NVIDIA,RTX 3060 TI,398.46,https://www.dateks.lv/cenas/videokartes/1071005-biostar-geforce-rtx-3060-ti-8gb-gddr6-extreme-gaming,Dateks,8 GB,200 W,https://www.dateks.lv/images/pic/1200/1200/669/1629.jpg
"Gigabyte GeForce RTX 4060, 8GB GDDR6, Gaming OC (DLSS 3)",RTX 4060 8 GB,NVIDIA,RTX 4060,401.79,https://www.dateks.lv/cenas/videokartes/977539-gigabyte-geforce-rtx-4060-8gb-gddr6-gaming-oc-dlss-3-,Dateks,8 GB,115 W,https://www.dateks.lv/images/pic/1200/1200/210/1459.jpg
"Zotac GeForce RTX 4060, 8GB GDDR6, SOLO (DLSS 3)",RTX 4060 8 GB,NVIDIA,RTX 4060,404.53,https://www.dateks.lv/cenas/videokartes/974732-zotac-geforce-rtx-4060-8gb-gddr6-solo-dlss-3-,Dateks,8 GB,115 W,https://www.dateks.lv/images/pic/1200/1200/897/1458.jpg
"Zotac GeForce RTX 4060, 8GB GDDR6, Twin Edge OC (DLSS 3)",RTX 4060 8 GB,NVIDIA,RTX 4060,424.47,https://www.dateks.lv/cenas/videokartes/987564-zotac-geforce-rtx-4060-8gb-gddr6-twin-edge-oc-dlss-3-,Dateks,8 GB,115 W,https://www.dateks.lv/images/pic/1200/1200/000/1476.jpg
"Gigabyte GeForce RTX 4060, 8GB GDDR6, AERO OC (DLSS 3)",RTX 4060 8 GB,NVIDIA,RTX 4060,424.61,https://www.dateks.lv/cenas/videokartes/977537-gigabyte-geforce-rtx-4060-8gb-gddr6-aero-oc-dlss-3-,Dateks,8 GB,115 W,https://www.dateks.lv/images/pic/1200/1200/203/1459.jpg
"Sapphire Radeon RX 7700 XT, 12GB GDDR6, PULSE",RX 7700 XT 12 GB,AMD,RX 7700 XT,449.59,https://www.dateks.lv/cenas/videokartes/996708-sapphire-radeon-rx-7700-xt-12gb-gddr6-pulse,Dateks,12 GB,245 W,https://www.dateks.lv/images/pic/1200/1200/198/1496.jpg
"Asus GeForce RTX 4060 Ti, 8GB GDDR6, Dual EVO OC (DLSS 3)",RTX 4060 TI 8 GB,NVIDIA,RTX 4060 TI,452.62,https://www.dateks.lv/cenas/videokartes/1073256-asus-geforce-rtx-4060-ti-8gb-gddr6-dual-evo-oc-dlss-3-,Dateks,8 GB,160 W,https://www.dateks.lv/images/pic/1200/1200/146/1614.jpg
"Biostar GeForce RTX 3070, 8GB GDDR6, Extreme Gaming",RTX 3070 8 GB,NVIDIA,RTX 3070,454.76,https://www.dateks.lv/cenas/videokartes/939308-biostar-geforce-rtx-3070-8gb-gddr6-extreme-gaming,Dateks,8 GB,220 W,https://www.dateks.lv/images/pic/1200/1200/140/1377.jpg
"Gigabyte Radeon RX 7700 XT, 12GB GDDR6, Gaming OC",RX 7700 XT 12 GB,AMD,RX 7700 XT,457.65,https://www.dateks.lv/cenas/videokartes/996742-gigabyte-radeon-rx-7700-xt-12gb-gddr6-gaming-oc,Dateks,12 GB,245 W,https://www.dateks.lv/images/pic/1200/1200/312/1496.jpg
"XFX Radeon RX 7700 XT, 12GB GDDR6, Speedster SWFT210 Core Edition",RX 7700 XT 12 GB,AMD,RX 7700 XT,459.84,https://www.dateks.lv/cenas/videokartes/1202094-xfx-radeon-rx-7700-xt-12gb-gddr6-speedster-swft210-core-edition,Dateks,12 GB,245 W,https://www.dateks.lv/images/pic/1200/1200/612/1904.jpg
"MSI GeForce RTX 4060 Ti, 8GB GDDR6, VENTUS 2X BLACK OC (DLSS 3)",RTX 4060 TI 8 GB,NVIDIA,RTX 4060 TI,463.74,https://www.dateks.lv/cenas/videokartes/969773-microstar-geforce-rtx-4060-ti-8gb-gddr6-ventus-2x-black-oc-dlss-3-,Dateks,8 GB,160 W,https://www.dateks.lv/images/pic/1200/1200/172/1442.jpg
"Inno3D GeForce RTX 5060 Ti, 8GB GDDR7, TWIN X2 (DLSS 4)",RTX 5060 TI 8 GB,NVIDIA,RTX 5060 TI,464.41,https://www.dateks.lv/cenas/videokartes/1220318-inno3d-geforce-rtx-5060-ti-8gb-gddr7-twin-x2-dlss-4-,Dateks,8 GB,160 W,https://www.dateks.lv/images/pic/1200/1200/700/1929.jpg
"PNY Technologies GeForce RTX 4060 Ti, 8GB GDDR6, VERTO Dual Fan (DLSS 3)",RTX 4060 TI 8 GB,NVIDIA,RTX 4060 TI,464.7,https://www.dateks.lv/cenas/videokartes/973222-pny-technologies-geforce-rtx-4060-ti-8gb-gddr6-verto-dual-fan-dlss-3-,Dateks,8 GB,160 W,https://www.dateks.lv/images/pic/1200/1200/829/1449.jpg
"Sapphire Radeon RX 7700 XT, 12GB GDDR6, PURE",RX 7700 XT 12 GB,AMD,RX 7700 XT,474.04,https://www.dateks.lv/cenas/videokartes/997881-sapphire-radeon-rx-7700-xt-12gb-gddr6-pure,Dateks,12 GB,245 W,https://www.dateks.lv/images/pic/1200/1200/522/1496.jpg
"Inno3D GeForce RTX 5060 Ti, 8GB GDDR7, TWIN X2 OC WHITE (DLSS 4)",RTX 5060 TI 8 GB,NVIDIA,RTX 5060 TI,482.36,https://www.dateks.lv/cenas/videokartes/1220316-inno3d-geforce-rtx-5060-ti-8gb-gddr7-twin-x2-oc-white-dlss-4-,Dateks,8 GB,160 W,https://www.dateks.lv/images/pic/1200/1200/809/1929.jpg
"Inno3D GeForce RTX 5060 Ti, 8GB GDDR7, TWIN X2 OC (DLSS 4)",RTX 5060 TI 8 GB,NVIDIA,RTX 5060 TI,482.36,https://www.dateks.lv/cenas/videokartes/1220317-inno3d-geforce-rtx-5060-ti-8gb-gddr7-twin-x2-oc-dlss-4-,Dateks,8 GB,160 W,https://www.dateks.lv/images/pic/1200/1200/785/1929.jpg
"Gigabyte GeForce RTX 4060 Ti, 8GB GDDR6, WindForce OC (DLSS 3)",RTX 4060 TI 8 GB,NVIDIA,RTX 4060 TI,482.88,https://www.dateks.lv/cenas/videokartes/982227-gigabyte-geforce-rtx-4060-ti-8gb-gddr6-windforce-oc-dlss-3-,Dateks,8 GB,160 W,https://www.dateks.lv/images/pic/1200/1200/501/1471.jpg
"PowerColor Radeon RX 7700 XT, 12GB GDDR6, Fighter",RX 7700 XT 12 GB,AMD,RX 7700 XT,483.31,https://www.dateks.lv/cenas/videokartes/996741-powercolor-radeon-rx-7700-xt-12gb-gddr6-fighter,Dateks,12 GB,245 W,https://www.dateks.lv/images/pic/1200/1200/219/1496.jpg
"Asrock Radeon RX 7700 XT, 12GB GDDR6, Challenger OC",RX 7700 XT 12 GB,AMD,RX 7700 XT,484.21,https://www.dateks.lv/cenas/videokartes/998699-asrock-radeon-rx-7700-xt-12gb-gddr6-challenger-oc,Dateks,12 GB,245 W,https://www.dateks.lv/images/pic/1200/1200/421/1504.jpg
"PowerColor Radeon RX 7700 XT, 12GB GDDR6",RX 7700 XT 12 GB,AMD,RX 7700 XT,491.03,https://www.dateks.lv/cenas/videokartes/1211048-powercolor-radeon-rx-7700-xt-12gb-gddr6,Dateks,12 GB,245 W,https://www.dateks.lv/images/pic/1200/1200/757/1918.jpg
"XFX Radeon RX 7700 XT, 12GB GDDR6, Speedster SWFT210 Core Edition",RX 7700 XT 12 GB,AMD,RX 7700 XT,494.9,https://www.dateks.lv/cenas/videokartes/1170576-xfx-radeon-rx-7700-xt-12gb-gddr6-speedster-swft210-core-edition,Dateks,12 GB,245 W,https://www.dateks.lv/images/pic/1200/1200/763/1856.jpg
"Palit GeForce RTX 4060 Ti, 8GB GDDR6, Dual (DLSS 3)",RTX 4060 TI 8 GB,NVIDIA,RTX 4060 TI,498.28,https://www.dateks.lv/cenas/videokartes/970151-palit-geforce-rtx-4060-ti-8gb-gddr6-dual-dlss-3-,Dateks,8 GB,160 W,https://www.dateks.lv/images/pic/1200/1200/148/1443.jpg
"Sapphire Radeon RX 7700 XT, 12GB GDDR6, NITRO+",RX 7700 XT 12 GB,AMD,RX 7700 XT,499.13,https://www.dateks.lv/cenas/videokartes/997880-sapphire-radeon-rx-7700-xt-12gb-gddr6-nitro-,Dateks,12 GB,245 W,https://www.dateks.lv/images/pic/1200/1200/528/1496.jpg
"Asrock Radeon RX 7700 XT, 12GB GDDR6, Steel Legend OC",RX 7700 XT 12 GB,AMD,RX 7700 XT,503.77,https://www.dateks.lv/cenas/videokartes/998698-asrock-radeon-rx-7700-xt-12gb-gddr6-steel-legend-oc,Dateks,12 GB,245 W,https://www.dateks.lv/images/pic/1200/1200/427/1504.jpg
"Zotac GeForce RTX 5060 Ti, 8GB GDDR7, Twin Edge (DLSS 4)",RTX 5060 TI 8 GB,NVIDIA,RTX 5060 TI,506.27,https://www.dateks.lv/cenas/videokartes/1218824-zotac-geforce-rtx-5060-ti-8gb-gddr7-twin-edge-dlss-4-,Dateks,8 GB,160 W,https://www.dateks.lv/images/pic/1200/1200/812/1927.jpg
"XFX Radeon RX 7700 XT, 12GB GDDR6, Speedster QICK 319 Black Edition",RX 7700 XT 12 GB,AMD,RX 7700 XT,510.14,https://www.dateks.lv/cenas/videokartes/999726-xfx-radeon-rx-7700-xt-12gb-gddr6-speedster-qick-319-black-edition,Dateks,12 GB,245 W,https://www.dateks.lv/images/pic/1200/1200/381/1504.jpg
"Gainward GeForce RTX 4060 Ti, 8GB GDDR6, Pegasus (DLSS 3)",RTX 4060 TI 8 GB,NVIDIA,RTX 4060 TI,519.58,https://www.dateks.lv/cenas/videokartes/1014599-gainward-geforce-rtx-4060-ti-8gb-gddr6-pegasus-dlss-3-,Dateks,8 GB,160 W,https://www.dateks.lv/images/pic/1200/1200/732/1527.jpg
"Palit GeForce RTX 5060 Ti, 16GB GDDR7, Infinity 3 (DLSS 4)",RTX 5060 TI 16 GB,NVIDIA,RTX 5060 TI,524.78,https://www.dateks.lv/cenas/videokartes/1215711-palit-geforce-rtx-5060-ti-16gb-gddr7-infinity-3-dlss-4-,Dateks,16 GB,160 W,https://www.dateks.lv/images/pic/1200/1200/281/1924.jpg
"Gigabyte GeForce RTX 4060 Ti, 8GB GDDR6, Eagle OC (DLSS 3)",RTX 4060 TI 8 GB,NVIDIA,RTX 4060 TI,525.85,https://www.dateks.lv/cenas/videokartes/969971-gigabyte-geforce-rtx-4060-ti-8gb-gddr6-eagle-oc-dlss-3-,Dateks,8 GB,160 W,https://www.dateks.lv/images/pic/1200/1200/798/1442.jpg
"PowerColor Radeon RX 7800 XT, 16GB GDDR6",RX 7800 XT 16 GB,AMD,RX 7800 XT,528.82,https://www.dateks.lv/cenas/videokartes/1165247-powercolor-radeon-rx-7800-xt-16gb-gddr6,Dateks,16 GB,263 W,https://www.dateks.lv/images/pic/1200/1200/820/1856.jpg
"MSI GeForce RTX 5060 Ti, 16GB GDDR7, VENTUS 2X OC PLUS (DLSS 4)",RTX 5060 TI 16 GB,NVIDIA,RTX 5060 TI,530.37,https://www.dateks.lv/cenas/videokartes/1216114-microstar-geforce-rtx-5060-ti-16gb-gddr7-ventus-2x-oc-plus-dlss-4-,Dateks,16 GB,160 W,https://www.dateks.lv/images/pic/1200/1200/025/1925.jpg
"Acer Radeon RX 7600 XT, 16GB GDDR6, NITRO OC",RX 7600 XT 16 GB,AMD,RX 7600 XT,531.81,https://www.dateks.lv/cenas/videokartes/1111483-acer-radeon-rx-7600-xt-16gb-gddr6-nitro-oc,Dateks,16 GB,190 W,https://www.dateks.lv/images/pic/1200/1200/145/1749.jpg
"Palit GeForce RTX 5060 Ti, 16GB GDDR7, Infinity 3 OC (DLSS 4)",RTX 5060 TI 16 GB,NVIDIA,RTX 5060 TI,544.02,https://www.dateks.lv/cenas/videokartes/1219555-palit-geforce-rtx-5060-ti-16gb-gddr7-infinity-3-oc-dlss-4-,Dateks,16 GB,160 W,https://www.dateks.lv/images/pic/1200/1200/948/1928.jpg
"Zotac GeForce RTX 4060 Ti, 16GB GDDR6, Twin Edge (DLSS 3)",RTX 4060 TI 16 GB,NVIDIA,RTX 4060 TI,560.01,https://www.dateks.lv/cenas/videokartes/1001493-zotac-geforce-rtx-4060-ti-16gb-gddr6-twin-edge-dlss-3-,Dateks,16 GB,160 W,https://www.dateks.lv/images/pic/1200/1200/369/1504.jpg
"XFX Radeon RX 7800 XT, 16GB GDDR6, Speedster SWFT 210 Core Edition",RX 7800 XT 16 GB,AMD,RX 7800 XT,563.93,https://www.dateks.lv/cenas/videokartes/1165328-xfx-radeon-rx-7800-xt-16gb-gddr6-speedster-swft-210-core-edition,Dateks,16 GB,263 W,https://www.dateks.lv/images/pic/1200/1200/827/1856.jpg
"Sapphire Radeon RX 7800 XT, 16GB GDDR6, PURE",RX 7800 XT 16 GB,AMD,RX 7800 XT,565.66,https://www.dateks.lv/cenas/videokartes/998696-sapphire-radeon-rx-7800-xt-16gb-gddr6-pure,Dateks,16 GB,263 W,https://www.dateks.lv/images/pic/1200/1200/469/1504.jpg
"Inno3D GeForce RTX 5060 Ti, 16GB GDDR7, TWIN X2 (DLSS 4)",RTX 5060 TI 16 GB,NVIDIA,RTX 5060 TI,571.45,https://www.dateks.lv/cenas/videokartes/1215560-inno3d-geforce-rtx-5060-ti-16gb-gddr7-twin-x2-dlss-4-,Dateks,16 GB,160 W,https://www.dateks.lv/images/pic/1200/1200/095/1924.jpg
"Zotac GeForce RTX 5060 Ti, 16GB GDDR7, Twin Edge OC (DLSS 4)",RTX 5060 TI 16 GB,NVIDIA,RTX 5060 TI,572.82,https://www.dateks.lv/cenas/videokartes/1220239-zotac-geforce-rtx-5060-ti-16gb-gddr7-twin-edge-oc-dlss-4-,Dateks,16 GB,160 W,https://www.dateks.lv/images/pic/1200/1200/859/1929.jpg
"Acer Radeon RX 7700 XT, 12GB GDDR6, NITRO OC",RX 7700 XT 12 GB,AMD,RX 7700 XT,576.11,https://www.dateks.lv/cenas/videokartes/1073994-acer-radeon-rx-7700-xt-12gb-gddr6-nitro-oc,Dateks,12 GB,245 W,https://www.dateks.lv/images/pic/1200/1200/239/1617.jpg
"Asus Radeon RX 7700 XT, 12GB GDDR6, Dual OC",RX 7700 XT 12 GB,AMD,RX 7700 XT,577.06,https://www.dateks.lv/cenas/videokartes/1080244-asus-radeon-rx-7700-xt-12gb-gddr6-dual-oc,Dateks,12 GB,245 W,https://www.dateks.lv/images/pic/1200/1200/754/1640.jpg
"PowerColor Radeon RX 7800 XT, 16GB GDDR6, Fighter",RX 7800 XT 16 GB,AMD,RX 7800 XT,582.8,https://www.dateks.lv/cenas/videokartes/1027892-powercolor-radeon-rx-7800-xt-16gb-gddr6-fighter,Dateks,16 GB,263 W,https://www.dateks.lv/images/pic/1200/1200/473/1616.jpg
"Sapphire Radeon RX 7800 XT, 16GB GDDR6, PULSE",RX 7800 XT 16 GB,AMD,RX 7800 XT,587.47,https://www.dateks.lv/cenas/videokartes/996710-sapphire-radeon-rx-7800-xt-16gb-gddr6-pulse,Dateks,16 GB,263 W,https://www.dateks.lv/images/pic/1200/1200/197/1496.jpg
"Asrock Radeon RX 7800 XT, 16GB GDDR6, Challenger OC",RX 7800 XT 16 GB,AMD,RX 7800 XT,594.01,https://www.dateks.lv/cenas/videokartes/998600-asrock-radeon-rx-7800-xt-16gb-gddr6-challenger-oc,Dateks,16 GB,263 W,https://www.dateks.lv/images/pic/1200/1200/658/1504.jpg
"Asrock Radeon RX 7800 XT, 16GB GDDR6, Steel Legend",RX 7800 XT 16 GB,AMD,RX 7800 XT,596.54,https://www.dateks.lv/cenas/videokartes/998697-asrock-radeon-rx-7800-xt-16gb-gddr6-steel-legend,Dateks,16 GB,263 W,https://www.dateks.lv/images/pic/1200/1200/652/1504.jpg
"Asus Radeon RX 7700 XT, 12GB GDDR6, TUF Gaming OC",RX 7700 XT 12 GB,AMD,RX 7700 XT,597.48,https://www.dateks.lv/cenas/videokartes/996711-asus-radeon-rx-7700-xt-12gb-gddr6-tuf-gaming-oc,Dateks,12 GB,245 W,https://www.dateks.lv/images/pic/1200/1200/002/1493.jpg
"XFX Radeon RX 7800 XT, 16GB GDDR6, Speedster QICK319 Core Edition White",RX 7800 XT 16 GB,AMD,RX 7800 XT,597.48,https://www.dateks.lv/cenas/videokartes/1201999-xfx-radeon-rx-7800-xt-16gb-gddr6-speedster-qick319-core-edition-white,Dateks,16 GB,263 W,https://www.dateks.lv/images/pic/1200/1200/315/1904.jpg
"Asus Radeon RX 7800 XT, 16GB GDDR6, Dual OC",RX 7800 XT 16 GB,AMD,RX 7800 XT,615.4,https://www.dateks.lv/cenas/videokartes/1078403-asus-radeon-rx-7800-xt-16gb-gddr6-dual-oc,Dateks,16 GB,263 W,https://www.dateks.lv/images/pic/1200/1200/444/1634.jpg
"Gigabyte GeForce RTX 5060 Ti, 16GB GDDR7, WINDFORCE OC (DLSS 4)",RTX 5060 TI 16 GB,NVIDIA,RTX 5060 TI,618.09,https://www.dateks.lv/cenas/videokartes/1215774-gigabyte-geforce-rtx-5060-ti-16gb-gddr7-windforce-oc-dlss-4-,Dateks,16 GB,160 W,https://www.dateks.lv/images/pic/1200/1200/880/1924.jpg
"Zotac GeForce RTX 5060 Ti, 16GB GDDR7, Twin Edge (DLSS 4)",RTX 5060 TI 16 GB,NVIDIA,RTX 5060 TI,621.83,https://www.dateks.lv/cenas/videokartes/1218728-zotac-geforce-rtx-5060-ti-16gb-gddr7-twin-edge-dlss-4-,Dateks,16 GB,160 W,https://www.dateks.lv/images/pic/1200/1200/581/1927.jpg
"Asus Radeon RX 7800 XT, 16GB GDDR6, TUF Gaming OC",RX 7800 XT 16 GB,AMD,RX 7800 XT,630.08,https://www.dateks.lv/cenas/videokartes/999758-asus-radeon-rx-7800-xt-16gb-gddr6-tuf-gaming-oc,Dateks,16 GB,263 W,https://www.dateks.lv/images/pic/1200/1200/505/1500.jpg
"Gigabyte GeForce RTX 5060 Ti, 16GB GDDR7, EAGLE OC ICE (DLSS 4)",RTX 5060 TI 16 GB,NVIDIA,RTX 5060 TI,639.41,https://www.dateks.lv/cenas/videokartes/1215558-gigabyte-geforce-rtx-5060-ti-16gb-gddr7-eagle-oc-ice-dlss-4-,Dateks,16 GB,160 W,https://www.dateks.lv/images/pic/1200/1200/932/1923.jpg
"Asus GeForce RTX 5060 Ti, 8GB GDDR7, Dual OC (DLSS 4)",RTX 5060 TI 8 GB,NVIDIA,RTX 5060 TI,645.44,https://www.dateks.lv/cenas/videokartes/1220315-asus-geforce-rtx-5060-ti-8gb-gddr7-dual-oc-dlss-4-,Dateks,8 GB,160 W,https://www.dateks.lv/images/pic/1200/1200/830/1928.jpg
"Gigabyte GeForce RTX 5060 Ti, 16GB GDDR7, EAGLE OC (DLSS 4)",RTX 5060 TI 16 GB,NVIDIA,RTX 5060 TI,648.87,https://www.dateks.lv/cenas/videokartes/1215559-gigabyte-geforce-rtx-5060-ti-16gb-gddr7-eagle-oc-dlss-4-,Dateks,16 GB,160 W,https://www.dateks.lv/images/pic/1200/1200/940/1923.jpg
"Gigabyte GeForce RTX 5060 Ti, 16GB GDDR7, AERO OC (DLSS 4)",RTX 5060 TI 16 GB,NVIDIA,RTX 5060 TI,674.92,https://www.dateks.lv/cenas/videokartes/1215775-gigabyte-geforce-rtx-5060-ti-16gb-gddr7-aero-oc-dlss-4-,Dateks,16 GB,160 W,https://www.dateks.lv/images/pic/1200/1200/782/1924.jpg
"Zotac GeForce RTX 5070, 12GB GDDR7, SOLID (DLSS 4)",RTX 5070 12 GB,NVIDIA,RTX 5070,681.37,https://www.dateks.lv/cenas/videokartes/1202290-zotac-geforce-rtx-5070-12gb-gddr7-solid-dlss-4-,Dateks,12 GB,250 W,https://www.dateks.lv/images/pic/1200/1200/581/1904.jpg
"Inno3D GeForce RTX 5070, 12GB GDDR7, TWIN X2 OC (DLSS 4)",RTX 5070 12 GB,NVIDIA,RTX 5070,684.76,https://www.dateks.lv/cenas/videokartes/1201587-inno3d-geforce-rtx-5070-12gb-gddr7-twin-x2-oc-dlss-4-,Dateks,12 GB,250 W,https://www.dateks.lv/images/pic/1200/1200/307/1902.jpg
"Gigabyte GeForce RTX 5060 Ti, 16GB GDDR7, GAMING OC (DLSS 4)",RTX 5060 TI 16 GB,NVIDIA,RTX 5060 TI,685.34,https://www.dateks.lv/cenas/videokartes/1215557-gigabyte-geforce-rtx-5060-ti-16gb-gddr7-gaming-oc-dlss-4-,Dateks,16 GB,160 W,https://www.dateks.lv/images/pic/1200/1200/924/1923.jpg
"Inno3D GeForce RTX 5070, 12GB GDDR7, TWIN X2 (DLSS 4)",RTX 5070 12 GB,NVIDIA,RTX 5070,686.97,https://www.dateks.lv/cenas/videokartes/1202339-inno3d-geforce-rtx-5070-12gb-gddr7-twin-x2-dlss-4-,Dateks,12 GB,250 W,https://www.dateks.lv/images/pic/1200/1200/232/1904.jpg
"Asus GeForce RTX 5060 Ti, 8GB GDDR7, Prime OC (DLSS 4)",RTX 5060 TI 8 GB,NVIDIA,RTX 5060 TI,692.3,https://www.dateks.lv/cenas/videokartes/1220314-asus-geforce-rtx-5060-ti-8gb-gddr7-prime-oc-dlss-4-,Dateks,8 GB,160 W,https://www.dateks.lv/images/pic/1200/1200/320/1929.jpg
"Gigabyte GeForce RTX 5060 Ti, 16GB GDDR7, AORUS ELITE (DLSS 4)",RTX 5060 TI 16 GB,NVIDIA,RTX 5060 TI,694.84,https://www.dateks.lv/cenas/videokartes/1215776-gigabyte-geforce-rtx-5060-ti-16gb-gddr7-aorus-elite-dlss-4-,Dateks,16 GB,160 W,https://www.dateks.lv/images/pic/1200/1200/793/1924.jpg
"Gigabyte GeForce RTX 5070, 12GB GDDR7, WINDFORCE SFF (DLSS 4)",RTX 5070 12 GB,NVIDIA,RTX 5070,698.15,https://www.dateks.lv/cenas/videokartes/1211217-gigabyte-geforce-rtx-5070-12gb-gddr7-windforce-sff-dlss-4-,Dateks,12 GB,250 W,https://www.dateks.lv/images/pic/1200/1200/565/1917.jpg
"Inno3D GeForce RTX 5070, 12GB GDDR7, TWIN X2 OC WHITE (DLSS 4)",RTX 5070 12 GB,NVIDIA,RTX 5070,700.89,https://www.dateks.lv/cenas/videokartes/1201586-inno3d-geforce-rtx-5070-12gb-gddr7-twin-x2-oc-white-dlss-4-,Dateks,12 GB,250 W,https://www.dateks.lv/images/pic/1200/1200/309/1902.jpg
"Inno3D GeForce RTX 5070, 12GB GDDR7, X3 OC (DLSS 4)",RTX 5070 12 GB,NVIDIA,RTX 5070,704.61,https://www.dateks.lv/cenas/videokartes/1211495-inno3d-geforce-rtx-5070-12gb-gddr7-x3-oc-dlss-4-,Dateks,12 GB,250 W,https://www.dateks.lv/images/pic/1200/1200/727/1918.jpg
"Palit GeForce RTX 5070, 12GB GDDR7, Infinity 3 OC (DLSS 4)",RTX 5070 12 GB,NVIDIA,RTX 5070,705.52,https://www.dateks.lv/cenas/videokartes/1214010-palit-geforce-rtx-5070-12gb-gddr7-infinity-3-oc-dlss-4-,Dateks,12 GB,250 W,https://www.dateks.lv/images/pic/1200/1200/064/1921.jpg
"Zotac GeForce RTX 5070, 12GB GDDR7, SOLID OC (DLSS 4)",RTX 5070 12 GB,NVIDIA,RTX 5070,706.22,https://www.dateks.lv/cenas/videokartes/1201716-zotac-geforce-rtx-5070-12gb-gddr7-solid-oc-dlss-4-,Dateks,12 GB,250 W,https://www.dateks.lv/images/pic/1200/1200/768/1902.jpg
"Gigabyte GeForce RTX 5060 Ti, 16GB GDDR7, AORUS ELITE (DLSS 4)",RTX 5060 TI 16 GB,NVIDIA,RTX 5060 TI,714.8,https://www.dateks.lv/cenas/videokartes/1215556-gigabyte-geforce-rtx-5060-ti-16gb-gddr7-aorus-elite-dlss-4-,Dateks,16 GB,160 W,https://www.dateks.lv/images/pic/1200/1200/916/1923.jpg
"PNY Technologies GeForce RTX 4070 SUPER, 12GB GDDR6X, VERTO Dual Fan OC (DLSS 3)",RTX 4070 SUPER 12 GB,NVIDIA,RTX 4070 SUPER,729.09,https://www.dateks.lv/cenas/videokartes/1062906-pny-technologies-geforce-rtx-4070-super-12gb-gddr6x-verto-dual-fan-oc-dlss-3-,Dateks,12 GB,220 W,https://www.dateks.lv/images/pic/1200/1200/516/1598.jpg
"Gainward GeForce RTX 5070, 12GB GDDR7, Python III (DLSS 4)",RTX 5070 12 GB,NVIDIA,RTX 5070,737.2,https://www.dateks.lv/cenas/videokartes/1206190-gainward-geforce-rtx-5070-12gb-gddr7-python-iii-dlss-4-,Dateks,12 GB,250 W,https://www.dateks.lv/images/pic/1200/1200/112/1911.jpg
"MSI GeForce RTX 5070, 12GB GDDR7, VENTUS 2X OC (DLSS 4)",RTX 5070 12 GB,NVIDIA,RTX 5070,744.3,https://www.dateks.lv/cenas/videokartes/1202586-microstar-geforce-rtx-5070-12gb-gddr7-ventus-2x-oc-dlss-4-,Dateks,12 GB,250 W,https://www.dateks.lv/images/pic/1200/1200/178/1904.jpg
"Palit GeForce RTX 5070, 12GB GDDR7, Infinity 3 (DLSS 4)",RTX 5070 12 GB,NVIDIA,RTX 5070,763.52,https://www.dateks.lv/cenas/videokartes/1205165-palit-geforce-rtx-5070-12gb-gddr7-infinity-3-dlss-4-,Dateks,12 GB,250 W,https://www.dateks.lv/images/pic/1200/1200/564/1908.jpg
"MSI GeForce RTX 5070, 12GB GDDR7, GAMING TRIO OC (DLSS 4)",RTX 5070 12 GB,NVIDIA,RTX 5070,765.73,https://www.dateks.lv/cenas/videokartes/1211042-microstar-geforce-rtx-5070-12gb-gddr7-gaming-trio-oc-dlss-4-,Dateks,12 GB,250 W,https://www.dateks.lv/images/pic/1200/1200/346/1917.jpg
"Gigabyte GeForce RTX 5070, 12GB GDDR7, WINDFORCE OC SFF (DLSS 4)",RTX 5070 12 GB,NVIDIA,RTX 5070,773.24,https://www.dateks.lv/cenas/videokartes/1202409-gigabyte-geforce-rtx-5070-12gb-gddr7-windforce-oc-sff-dlss-4-,Dateks,12 GB,250 W,https://www.dateks.lv/images/pic/1200/1200/752/1903.jpg
"Acer Radeon RX 9070, 16GB GDDR6, Nitro",RX 9070 16 GB,AMD,RX 9070,777.79,https://www.dateks.lv/cenas/videokartes/1202783-acer-radeon-rx-9070-16gb-gddr6-nitro,Dateks,16 GB,220 W,https://www.dateks.lv/images/pic/1200/1200/618/1905.jpg
"Gigabyte Radeon RX 9070, 16GB GDDR6, GAMING OC",RX 9070 16 GB,AMD,RX 9070,787.79,https://www.dateks.lv/cenas/videokartes/1198527-gigabyte-radeon-rx-9070-16gb-gddr6-gaming-oc,Dateks,16 GB,220 W,https://www.dateks.lv/images/pic/1200/1200/391/1896.jpg
"XFX Radeon RX 7900 XT, 20GB GDDR6, Speedster MERC 310",RX 7900 XT 20 GB,AMD,RX 7900 XT,789.39,https://www.dateks.lv/cenas/videokartes/922715-xfx-radeon-rx-7900-xt-20gb-gddr6-speedster-merc-310,Dateks,20 GB,315 W,https://www.dateks.lv/images/pic/1200/1200/490/1347.jpg
"Asus GeForce RTX 5070, 12GB GDDR7, Prime (DLSS 4)",RTX 5070 12 GB,NVIDIA,RTX 5070,793.06,https://www.dateks.lv/cenas/videokartes/1198509-asus-geforce-rtx-5070-12gb-gddr7-prime-dlss-4-,Dateks,12 GB,250 W,https://www.dateks.lv/images/pic/1200/1200/371/1896.jpg
"Palit GeForce RTX 4070, 12GB GDDR6, Dual (DLSS 3)",RTX 4070 12 GB,NVIDIA,RTX 4070,793.76,https://www.dateks.lv/cenas/videokartes/1141826-palit-geforce-rtx-4070-12gb-gddr6-dual-dlss-3-,Dateks,12 GB,200 W,https://www.dateks.lv/images/pic/1200/1200/550/1805.jpg
"MSI GeForce RTX 5070, 12GB GDDR7, VENTUS 2X OC WHITE (DLSS 4)",RTX 5070 12 GB,NVIDIA,RTX 5070,803.0,https://www.dateks.lv/cenas/videokartes/1203838-microstar-geforce-rtx-5070-12gb-gddr7-ventus-2x-oc-white-dlss-4-,Dateks,12 GB,250 W,https://www.dateks.lv/images/pic/1200/1200/584/1905.jpg
"Asrock Radeon RX 9070, 16GB GDDR6, Challenger",RX 9070 16 GB,AMD,RX 9070,805.74,https://www.dateks.lv/cenas/videokartes/1198451-asrock-radeon-rx-9070-16gb-gddr6-challenger,Dateks,16 GB,220 W,https://www.dateks.lv/images/pic/1200/1200/445/1896.jpg
"Palit GeForce RTX 5070, 12GB GDDR7, GamingPro (DLSS 4)",RTX 5070 12 GB,NVIDIA,RTX 5070,810.06,https://www.dateks.lv/cenas/videokartes/1199319-palit-geforce-rtx-5070-12gb-gddr7-gamingpro-dlss-4-,Dateks,12 GB,250 W,https://www.dateks.lv/images/pic/1200/1200/499/1897.jpg
"Gigabyte GeForce RTX 5070, 12GB GDDR7, EAGLE OC SFF (DLSS 4)",RTX 5070 12 GB,NVIDIA,RTX 5070,811.0,https://www.dateks.lv/cenas/videokartes/1201631-gigabyte-geforce-rtx-5070-12gb-gddr7-eagle-oc-sff-dlss-4-,Dateks,12 GB,250 W,https://www.dateks.lv/images/pic/1200/1200/211/1902.jpg
"Asrock Radeon RX 9070, 16GB GDDR6, Steel Legend OC",RX 9070 16 GB,AMD,RX 9070,812.4,https://www.dateks.lv/cenas/videokartes/1198450-asrock-radeon-rx-9070-16gb-gddr6-steel-legend-oc,Dateks,16 GB,220 W,https://www.dateks.lv/images/pic/1200/1200/444/1896.jpg
"Palit GeForce RTX 5070, 12GB GDDR7, GamingPro OC (DLSS 4)",RTX 5070 12 GB,NVIDIA,RTX 5070,821.3,https://www.dateks.lv/cenas/videokartes/1199320-palit-geforce-rtx-5070-12gb-gddr7-gamingpro-oc-dlss-4-,Dateks,12 GB,250 W,https://www.dateks.lv/images/pic/1200/1200/502/1897.jpg
"Gigabyte GeForce RTX 5070, 12GB GDDR7, EAGLE OC ICE SFF (DLSS 4)",RTX 5070 12 GB,NVIDIA,RTX 5070,823.82,https://www.dateks.lv/cenas/videokartes/1202359-gigabyte-geforce-rtx-5070-12gb-gddr7-eagle-oc-ice-sff-dlss-4-,Dateks,12 GB,250 W,https://www.dateks.lv/images/pic/1200/1200/651/1903.jpg
"Gainward GeForce RTX 5070, 12GB GDDR7, Phoenix GS (DLSS 4)",RTX 5070 12 GB,NVIDIA,RTX 5070,830.79,https://www.dateks.lv/cenas/videokartes/1211045-gainward-geforce-rtx-5070-12gb-gddr7-phoenix-gs-dlss-4-,Dateks,12 GB,250 W,https://www.dateks.lv/images/pic/1200/1200/394/1917.jpg
"Gainward GeForce RTX 5070, 12GB GDDR7, Phoenix (DLSS 4)",RTX 5070 12 GB,NVIDIA,RTX 5070,836.88,https://www.dateks.lv/cenas/videokartes/1211044-gainward-geforce-rtx-5070-12gb-gddr7-phoenix-dlss-4-,Dateks,12 GB,250 W,https://www.dateks.lv/images/pic/1200/1200/385/1917.jpg
"PowerColor Radeon RX 9070 XT, 16GB GDDR6, Hellhound Spectral White",RX 9070 XT 16 GB,AMD,RX 9070 XT,837.99,https://www.dateks.lv/cenas/videokartes/1203241-powercolor-radeon-rx-9070-xt-16gb-gddr6-hellhound-spectral-white,Dateks,16 GB,304 W,https://www.dateks.lv/images/pic/1200/1200/008/1906.jpg
"XFX Radeon RX 9070 XT, 16GB GDDR6, White QuickSilver Magnetic Air Edition",RX 9070 XT 16 GB,AMD,RX 9070 XT,838.53,https://www.dateks.lv/cenas/videokartes/1202210-xfx-radeon-rx-9070-xt-16gb-gddr6-white-quicksilver-magnetic-air-edition,Dateks,16 GB,304 W,https://www.dateks.lv/images/pic/1200/1200/546/1920.jpg
"Gigabyte GeForce RTX 5070, 12GB GDDR7, GAMING OC (DLSS 4)",RTX 5070 12 GB,NVIDIA,RTX 5070,838.79,https://www.dateks.lv/cenas/videokartes/1200968-gigabyte-geforce-rtx-5070-12gb-gddr7-gaming-oc-dlss-4-,Dateks,12 GB,250 W,https://www.dateks.lv/images/pic/1200/1200/971/1900.jpg
"Sapphire Radeon RX 7900 XT, 20GB GDDR6, NITRO+ Vapor-X",RX 7900 XT 20 GB,AMD,RX 7900 XT,838.89,https://www.dateks.lv/cenas/videokartes/934711-sapphire-radeon-rx-7900-xt-20gb-gddr6-nitro-vapor-x,Dateks,20 GB,315 W,https://www.dateks.lv/images/pic/1200/1200/017/1369.jpg
"Sapphire Radeon RX 7900 XT, 20GB GDDR6, PULSE",RX 7900 XT 20 GB,AMD,RX 7900 XT,845.25,https://www.dateks.lv/cenas/videokartes/931333-sapphire-radeon-rx-7900-xt-20gb-gddr6-pulse,Dateks,20 GB,315 W,https://www.dateks.lv/images/pic/1200/1200/053/1369.jpg
"PowerColor Radeon RX 9070, 16GB GDDR6, Hellhound",RX 9070 16 GB,AMD,RX 9070,853.66,https://www.dateks.lv/cenas/videokartes/1198514-powercolor-radeon-rx-9070-16gb-gddr6-hellhound,Dateks,16 GB,220 W,https://www.dateks.lv/images/pic/1200/1200/475/1896.jpg
"Asrock Radeon RX 9070 XT, 16GB GDDR6, Steel Legend Dark",RX 9070 XT 16 GB,AMD,RX 9070 XT,856.92,https://www.dateks.lv/cenas/videokartes/1216180-asrock-radeon-rx-9070-xt-16gb-gddr6-steel-legend-dark,Dateks,16 GB,304 W,https://www.dateks.lv/images/pic/1200/1200/008/1925.jpg
"PowerColor Radeon RX 9070, 16GB GDDR6, Reaper",RX 9070 16 GB,AMD,RX 9070,858.98,https://www.dateks.lv/cenas/videokartes/1198515-powercolor-radeon-rx-9070-16gb-gddr6-reaper,Dateks,16 GB,220 W,https://www.dateks.lv/images/pic/1200/1200/463/1896.jpg
"PNY Technologies GeForce RTX 5070, 12GB GDDR7, EPIC-X RGB OC Triple Fan (DLSS 4)",RTX 5070 12 GB,NVIDIA,RTX 5070,860.59,https://www.dateks.lv/cenas/videokartes/1203195-pny-technologies-geforce-rtx-5070-12gb-gddr7-epic-x-rgb-oc-triple-fan-dlss-4-,Dateks,12 GB,250 W,https://www.dateks.lv/images/pic/1200/1200/619/1905.jpg
"Acer Radeon RX 9070 XT, 16GB GDDR6, Nitro",RX 9070 XT 16 GB,AMD,RX 9070 XT,863.64,https://www.dateks.lv/cenas/videokartes/1204222-acer-radeon-rx-9070-xt-16gb-gddr6-nitro,Dateks,16 GB,304 W,https://www.dateks.lv/images/pic/1200/1200/618/1905.jpg
"Asus Radeon RX 9070, 16GB GDDR6, TUF Gaming OC",RX 9070 16 GB,AMD,RX 9070,871.31,https://www.dateks.lv/cenas/videokartes/1199242-asus-radeon-rx-9070-16gb-gddr6-tuf-gaming-oc,Dateks,16 GB,220 W,https://www.dateks.lv/images/pic/1200/1200/275/1897.jpg
"Sapphire Radeon RX 9070 XT, 16GB GDDR6, PULSE",RX 9070 XT 16 GB,AMD,RX 9070 XT,871.59,https://www.dateks.lv/cenas/videokartes/1198454-sapphire-radeon-rx-9070-xt-16gb-gddr6-pulse,Dateks,16 GB,304 W,https://www.dateks.lv/images/pic/1200/1200/423/1896.jpg
"XFX Radeon RX 9070 XT, 16GB GDDR6, Swift Triple Fan Gaming Edition White",RX 9070 XT 16 GB,AMD,RX 9070 XT,877.11,https://www.dateks.lv/cenas/videokartes/1199445-xfx-radeon-rx-9070-xt-16gb-gddr6-swift-triple-fan-gaming-edition-white,Dateks,16 GB,304 W,https://www.dateks.lv/images/pic/1200/1200/686/1897.jpg
"XFX Radeon RX 9070 XT, 16GB GDDR6, Mercury Gaming Edition",RX 9070 XT 16 GB,AMD,RX 9070 XT,885.92,https://www.dateks.lv/cenas/videokartes/1204305-xfx-radeon-rx-9070-xt-16gb-gddr6-mercury-gaming-edition,Dateks,16 GB,304 W,https://www.dateks.lv/images/pic/1200/1200/703/1906.jpg
"XFX Radeon RX 9070 XT, 16GB GDDR6, QuickSilver Gaming Edition",RX 9070 XT 16 GB,AMD,RX 9070 XT,888.04,https://www.dateks.lv/cenas/videokartes/1202372-xfx-radeon-rx-9070-xt-16gb-gddr6-quicksilver-gaming-edition,Dateks,16 GB,304 W,https://www.dateks.lv/images/pic/1200/1200/002/1906.jpg
"XFX Radeon RX 9070 XT, 16GB GDDR6, Mercury OC Gaming Edition",RX 9070 XT 16 GB,AMD,RX 9070 XT,891.3,https://www.dateks.lv/cenas/videokartes/1202374-xfx-radeon-rx-9070-xt-16gb-gddr6-mercury-oc-gaming-edition,Dateks,16 GB,304 W,https://www.dateks.lv/images/pic/1200/1200/235/1904.jpg
"XFX Radeon RX 9070 XT, 16GB GDDR6, Mercury White OC Gaming Edition",RX 9070 XT 16 GB,AMD,RX 9070 XT,891.3,https://www.dateks.lv/cenas/videokartes/1202375-xfx-radeon-rx-9070-xt-16gb-gddr6-mercury-white-oc-gaming-edition,Dateks,16 GB,304 W,https://www.dateks.lv/images/pic/1200/1200/238/1904.jpg
"PowerColor Radeon RX 9070, 16GB GDDR6, Red Devil",RX 9070 16 GB,AMD,RX 9070,892.26,https://www.dateks.lv/cenas/videokartes/1198513-powercolor-radeon-rx-9070-16gb-gddr6-red-devil,Dateks,16 GB,220 W,https://www.dateks.lv/images/pic/1200/1200/469/1896.jpg
"Sapphire Radeon RX 9070, 16GB GDDR6, PURE",RX 9070 16 GB,AMD,RX 9070,896.25,https://www.dateks.lv/cenas/videokartes/1198517-sapphire-radeon-rx-9070-16gb-gddr6-pure,Dateks,16 GB,220 W,https://www.dateks.lv/images/pic/1200/1200/430/1896.jpg
